Symbol,Description
RELIANCE,Reliance Industries Limited
BHARTIARTL,Bharti Airtel Limited
HDFCBANK,HDFC Bank Limited
ICICIBANK,ICICI Bank Limited
SBIN,State Bank of India
TCS,Tata Consultancy Services Limited
BAJFINANCE,Bajaj Finance Limited
LT,Larsen & Toubro Limited
LICI,Life Insurance Corp. of India
HINDUNILVR,Hindustan Unilever Limited
SUNPHARMA,Sun Pharmaceutical Industries Limited
TITAN,Titan Company Limited
INFY,Infosys Limited
KOTAKBANK,Kotak Mahindra Bank Limited
ADANIPORTS,Adani Ports & Special Economic Zone Ltd
ADANIENT,Adani Enterprises Limited
ADANIPOWER,Adani Power Limited
AXISBANK,Axis Bank Limited
MARUTI,Maruti Suzuki India Limited
M&M,Mahindra & Mahindra Ltd.
HCLTECH,HCL Technologies Limited
ITC,ITC Limited
ULTRACEMCO,UltraTech Cement Limited
ETERNAL,Eternal Limited
HAL,Hindustan Aeronautics Limited
NTPC,NTPC Limited
BAJAJ_AUTO,Bajaj Auto Limited
JSWSTEEL,JSW Steel Limited
BAJAJFINSV,Bajaj Finserv Limited
ONGC,Oil & Natural Gas Corp. Ltd.
BEL,Bharat Electronics Limited
NESTLEIND,Nestle India Ltd.
COALINDIA,Coal India Ltd.
DIVISLAB,Divi's Laboratories Limited
HINDZINC,Hindustan Zinc Limited
POWERGRID,Power Grid Corporation of India Limited
DMART,Avenue Supermarts Ltd.
SHRIRAMFIN,Shriram Finance Limited
ASIANPAINT,Asian Paints Ltd.
TATASTEEL,Tata Steel Limited
HINDALCO,Hindalco Industries Limited
GRASIM,Grasim Industries Ltd.
ADANIGREEN,Adani Green Energy Limited
EICHERMOT,Eicher Motors Limited
TVSMOTOR,TVS Motor Company Limited
IOC,Indian Oil Corp. Ltd.
INDIGO,InterGlobe Aviation Ltd
TORNTPHARM,Torrent Pharmaceuticals Ltd
SBILIFE,SBI Life Insurance Co. Ltd.
SOLARINDS,Solar Industries India Limited
HYUNDAI,Hyundai Motor India Limited
ADANIENSOL,Adani Energy Solutions Ltd
MOTHERSON,Samvardhana Motherson International Limited
TMCV,Tata Motors Limited
WIPRO,Wipro Limited
DLF,DLF Limited
VAML,Vedanta Aluminium Metal Limited
PIDILITIND,Pidilite Industries Limited
ICICIAMC,ICICI Prudential Asset Management Company Ltd.
ABB,ABB India Limited
TECHM,Tech Mahindra Limited
JIOFIN,Jio Financial Services Limited
CHOLAFIN,Cholamandalam Investment and Finance Co. Ltd.
BHEL,Bharat Heavy Electricals Limited
TRENT,Trent Limited
IDEA,Vodafone Idea Ltd
TATACAP,Tata Capital Ltd.
VBL,Varun Beverages Ltd.
CGPOWER,CG Power & Industrial Solutions Ltd
POWERINDIA,Hitachi Energy India Limited
BOSCHLTD,Bosch Limited
CUMMINSIND,Cummins India Limited
SIEMENS,Siemens Limited
PNB,Punjab National Bank
BPCL,Bharat Petroleum Corporation Limited
UNIONBANK,Union Bank of India Limited
BSE,BSE Ltd.
APOLLOHOSP,Apollo Hospitals Enterprise Limited
LTM,LTM Limited
BAJAJHLDNG,Bajaj Holdings & Investment Limited.
POLYCAB,Polycab India Ltd.
HDFCLIFE,HDFC Life Insurance Co. Ltd.
BANKBARODA,Bank of Baroda
BRITANNIA,Britannia Industries Ltd
GROWW,Billionbrains Garage Ventures Limited
LENSKART,Lenskart Solutions Limited
TATAPOWER,Tata Power Company Limited
PAYTM,One 97 Communications Ltd.
ZYDUSLIFE,Zydus Lifesciences Limited
JINDALSTEL,Jindal Steel Limited
MUTHOOTFIN,Muthoot Finance Ltd
ENRIN,Siemens Energy India Limited
LODHA,Lodha Developers Ltd.
PFC,Power Finance Corporation Limited
GAIL,GAIL (India) Limited
INDIANB,Indian Bank
SBIFUNDS,SBI Funds Management Limited
LGEINDIA,LG Electronics India Limited
CANBK,Canara Bank
GVT&D,GE Vernova T&D India Limited
CIPLA,Cipla Ltd
TMPV,Tata Motors Passenger Vehicles Ltd
ABCAPITAL,Aditya Birla Capital Ltd.
LAURUSLABS,Laurus Labs Ltd.
HEROMOTOCO,Hero Motocorp Limited
MARICO,Marico Limited
INDHOTEL,Indian Hotels Co. Ltd.
IRFC,Indian Railway Finance Corp. Ltd.
HDFCAMC,HDFC Asset Management Co. Ltd.
GMRAIRPORT,GMR Airports Ltd
MAXHEALTH,Max Healthcare Institute Ltd
LLOYDSME,Lloyds Metals & Energy Ltd.
UNITDSPR,United Spirits Limited
VEDL,Vedanta Limited
MEESHO,Meesho Limited
MANKIND,Mankind Pharma Ltd.
DRREDDY,Dr. Reddy's Laboratories Ltd.
INDUSTOWER,Indus Towers Limited
TATACONSUM,Tata Consumer Products Limited
AUROPHARMA,Aurobindo Pharma Ltd
MANIPALHOS,Manipal Health Enterprises Limited
AMBUJACEM,Ambuja Cements Limited
LUPIN,Lupin Limited
NYKAA,FSN E-Commerce Ventures Ltd.
ASHOKLEY,Ashok Leyland Limited
OFSS,Oracle Financial Services Software Limited
JSWENERGY,JSW Energy Limited
BHARATFORG,Bharat Forge Ltd
MAZDOCK,Mazagon Dock Shipbuilders Ltd.
IDBI,IDBI Bank Limited
GODREJCP,Godrej Consumer Products Limited
PERSISTENT,Persistent Systems Limited
NAUKRI,Info Edge India Ltd.
POLICYBZR,PB Fintech Limited
RECLTD,REC Limited
DIXON,Dixon Technologies (India) Ltd.
MCX,Multi Commodity Exchange of India Limited
SHREECEM,Shree Cement Limited
JSWINFRA,JSW Infrastructure Limited
FEDERALBNK,Federal Bank Ltd. (India)
COFORGE,Coforge Limited
APARINDS,APAR Industries Limited
AUBANK,AU Small Finance Bank Limited
OIL,Oil India Limited
LTF,L&T Finance Ltd
NTPCGREEN,NTPC Green Energy Limited
HINDPETRO,Hindustan Petroleum Corporation Limited
NHPC,NHPC Limited
BHARTIHEXA,Bharti Hexacom Limited
SRF,Srf Limited
SWIGGY,Swiggy Limited
ICICIGI,ICICI Lombard General Insurance Co. Ltd.
INDUSINDBK,IndusInd Bank Ltd.
IDFCFIRSTB,IDFC First Bank Ltd.
NAM_INDIA,Nippon Life India Asset Management Ltd.
SAIL,Steel Authority of India Limited
WELCORP,Welspun Corp Limited
YESBANK,Yes Bank Limited
WAAREEENER,WAAREE Energies Limited
ICICIPRULI,ICICI Prudential Life Insurance Co. Ltd.
UNOMINDA,UNO Minda Limited
NMDC,NMDC Limited
ATGL,Adani Total Gas Ltd.
BAJAJHFL,Bajaj Housing Finance Ltd.
PIRAMALFIN,Piramal Finance Limited
GLENMARK,Glenmark Pharmaceuticals Limited
PHOENIXLTD,Phoenix Mills Ltd.
DABUR,Dabur India Limited
HAVELLS,Havells India Limited
FORTIS,Fortis Healthcare Ltd.
OBEROIRLTY,Oberoi Realty Limited
ASTERDM,Aster DM Quality Care Limited
NATIONALUM,National Aluminium Co. Ltd.
SCHAEFFLER,Schaeffler India Ltd
BIOCON,Biocon Limited
ALKEM,Alkem Laboratories Ltd.
TORNTPOWER,Torrent Power Limited
PRESTIGE,Prestige Estates Projects Limited
MAHABANK,Bank of Maharashtra
BANKINDIA,Bank of India
ATHERENERG,Ather Energy Limited
RBLBANK,RBL Bank Ltd.
JSL,Jindal Stainless Limited
IOB,Indian Overseas Bank
GICRE,General Insurance Corporation of India
APLAPOLLO,APL Apollo Tubes Limited
SBICARD,SBI Cards & Payment Services Ltd
KALYANKJIL,Kalyan Jewellers India Ltd.
RADICO,Radico Khaitan Limited
MOTILALOFS,Motilal Oswal Financial Services Limited
SUZLON,Suzlon Energy Ltd
INDOMIM,INDO-MIM Limited
ABBOTINDIA,Abbott India Limited
COROMANDEL,Coromandel International Limited
HDBFS,HDB Financial Services Limited
MFSL,Max Financial Services Limited
LINDEINDIA,Linde India Ltd.
MRF,MRF Limited
BERGEPAINT,Berger Paints India Limited
AEGISLOG,Aegis Logistics Limited
FACT,Fertilizers & Chemicals Travancore Ltd.
SUNDARMFIN,Sundaram Finance Limited
ANTHEM,Anthem Biosciences Limited
COLPAL,Colgate-Palmolive (India) Limited
GODREJPROP,Godrej Properties Limited
IPCALAB,IPCA Laboratories Limited
KRT.RR,Knowledge Realty Trust
FLUOROCHEM,Gujarat Fluorochemicals Ltd.
TIINDIA,Tube Investments of India Limited
SONACOMS,Sona BLW Precision Forgings Ltd.
TATACOMM,Tata Communications Limited
M&MFIN,Mahindra & Mahindra Financial Services Ltd.
HINDCOPPER,Hindustan Copper Ltd
GLAND,Gland Pharma Ltd.
GLAXO,GlaxoSmithKline Pharmaceuticals Limited
VMM,Vishal Mega Mart Ltd.
AIIL,Authum Investment & Infrastucture Ltd
UPL,UPL Limited
SUPREMEIND,Supreme Industries Limited
AJANTPHARM,Ajanta Pharma Limited
KEI,KEI Industries Limited
MPHASIS,Mphasis Limited
360ONE,360 One Wam Limited
RVNL,Rail Vikas Nigam Ltd.
NAVINFLUOR,Navin Fluorine International Limited
PATANJALI,Patanjali Foods Limited
BDL,Bharat Dynamics Ltd.
PETRONET,Petronet Lng Limited
BALKRISIND,Balkrishna Industries Limited
THERMAX,Thermax Limited.
EMBASSY.RR,Embassy Office Parks REIT
STLTECH,Sterlite Technologies Limited
POONAWALLA,Poonawalla Fincorp Limited
PREMIERENE,Premier Energies Limited
CPPLUS,Aditya Infotech Limited
MEDANTA,Global Health Limited
PAGEIND,Page Industries Limited
JKCEMENT,J.K. Cement Ltd.
PWL,PhysicsWallah Ltd.
3MINDIA,3M India Limited
ENDURANCE,Endurance Technologies Ltd.
NH,Narayana Hrudayalaya Ltd.
KPRMILL,K.P.R. Mill Limited
EMCURE,Emcure Pharmaceuticals Limited
ASTRAL,Astral Limited
VOLTAS,Voltas Limited
IRCTC,Indian Railway Catering & Tourism Corp. Ltd.
CONCOR,Container Corporation of India Limited
GODREJIND,Godrej Industries Limited
BAGMANE.RR,Bagmane Prime Office REIT
NLCINDIA,NLC India Limited
EXIDEIND,Exide Industries Limited
AIAENG,AIA Engineering Limited
ANANDRATHI,Anand Rathi Wealth Ltd.
COCHINSHIP,Cochin Shipyard Limited
NHIT,National Highways Infra Trust Units
WOCKPHARMA,Wockhardt Limited
PIIND,PI Industries Limited
AEGISVOPAK,Aegis Vopak Terminals Limited
LTTS,L&T Technology Services Ltd.
HUDCO,Housing & Urban Development Corp. Ltd.
TATAINVEST,Tata Investment Corporation Limited
SAILIFE,SAI Life Sciences Ltd.
HSCL,Himadri Speciality Chemical Ltd.
CUPID,Cupid Limited
CRISIL,CRISIL Limited
MINDSPACE.RR,Mindspace Business Parks REIT
PTCIL,PTC Industries Ltd
KIMS,Krishna Institute of Medical Sciences Limited
DALBHARAT,Dalmia Bharat Ltd.
SYRMA,Syrma SGS Technology Limited
HFCL,HFCL Limited
DELHIVERY,Delhivery Limited
ITCHOTELS,ITC Hotels Ltd
UBL,United Breweries Limited
ACMESOLAR,ACME Solar Holdings Ltd.
DHOOTTRANS,Dhoot Transmission Limited
BLUESTARCO,Blue Star Limited
LALPATHLAB,Dr. Lal PathLabs Limited
JUBLFOOD,Jubilant Foodworks Limited
STARHEALTH,Star Health & Allied Insurance Co. Ltd.
KARURVYSYA,Karur Vysya Bank Ltd.
HEXT,Hexaware Technologies Limited
LICHSGFIN,LIC Housing Finance Ltd
IREDA,Indian Renewable Energy Development Agency Ltd.
NUVAMA,Nuvama Wealth Management Limited
ESCORTS,Escorts Kubota Limited
KIRLOSENG,Kirloskar Oil Engines Limited
GODFRYPHLP,Godfrey Phillips India Ltd.
NIACL,New India Assurance Co. Ltd.
HONAUT,Honeywell Automation India Limited
REDINGTON,Redington Limited
SHYAMMETL,Shyam Metalics & Energy Ltd.
ABSLAMC,Aditya Birla Sun Life Amc Limited
IKS,Inventurus Knowledge Solutions Limited
PNBHOUSING,PNB Housing Finance Limited
UCOBANK,UCO Bank
MANAPPURAM,Manappuram Finance Limited
SCHNEIDER,Schneider Electric Infrastructure Limited
TATATECH,Tata Technologies Limited
MRPL,Mangalore Refinery & Petrochemicals Ltd.
NEULANDLAB,Neuland Laboratories Ltd.
BANDHANBNK,Bandhan Bank Ltd.
CRAFTSMAN,Craftsman Automation Ltd.
RUBICON,Rubicon Research Limited
PPLPHARMA,Piramal Pharma Limited
CENTRALBK,Central Bank of India
CDSL,Central Depository Services (India) Limited
BIRET.RR,Brookfield India Real Estate Trust
NETWEB,Netweb Technologies India Limited
ACUTAAS,Acutaas Chemicals Ltd
CHOLAHLDNG,Cholamandalam Financial Holdings Ltd
PFOCUS,Prime Focus Limited
RRKABEL,RR Kabel Ltd.
GRSE,Garden Reach Shipbuilders & Engineers Ltd.
ANGELONE,Angel One Limited
ZFCVINDIA,ZF Commercial Vehicle Control Systems India Limited
SANSERA,Sansera Engineering Limited
URBANCO,Urban Company Limited
APOLLOTYRE,Apollo Tyres Limited.
IIFL,IIFL Finance Limited
CGCL,Capri Global Capital Limited
TVSHLTD,TVS Holdings Limited
METROBRAND,Metro Brands Ltd.
SUNDRMFAST,Sundram Fasteners Limited
JYOTICNC,Jyoti Cnc Automation Limited
DATAPATTNS,Data Patterns (India) Limited
HATSUN,Hatsun Agro Product Limited
NXST.RR,Nexus Select Trust
AMBER,Amber Enterprises India Ltd.
SJVN,SJVN Limited
KPIL,Kalpataru Projects International Limited
ITI,ITI Limited
KAYNES,Kaynes Technology India Ltd.
ASAHIINDIA,Asahi India Glass Limited
PGHH,Procter & Gamble Hygiene & Health Care Ltd.
AWL,AWL Agri Business Ltd
MSUMI,Motherson Sumi Wiring India Ltd
EMMVEE,Emmvee Photovoltaic Power Limited
TIMKEN,Timken India Limited
ACC,ACC Limited
BELRISE,Belrise Industries Limited
TDPOWERSYS,TD Power Systems Limited
CUB,City Union Bank Limited
FORCEMOT,Force Motors Limited
GILLETTE,Gillette India Limited
GABRIEL,Gabriel India Limited
SUMICHEM,Sumitomo Chemical India Ltd.
AFFLE,Affle 3i Limited
CARBORUNIV,Carborundum Universal Limited
DIACABS,Diamond Power Infrastructure Limited
NBCC,NBCC (INDIA) LIMITED
GUJENERGY,Gujarat Energy Ltd
CREDITACC,CreditAccess Grameen Ltd.
PINELABS,Pine Labs Limited
GODIGIT,Go Digit General Insurance Limited
MILKYMIST,Milky Mist Dairy Food Ltd.
IRB,IRB Infrastructure Developers Limited
GRINDWELL,Grindwell Norton Limited
AETHER,Aether Industries Ltd.
GRANULES,Granules India Limited
MTARTECH,MTAR Technologies Ltd.
DEEPAKNTR,Deepak Nitrite Limited
CEMPRO,Cemindia Projects Ltd
SAGILITY,Sagility Limited
ANANTRAJ,Anant Raj Ltd.
FINCABLES,Finolex Cables Limited
GESHIP,Great Eastern Shipping Co. Ltd.
CUBEINVIT,CUBE HIGHWAYS TRUST Units
CAPLIPOINT,Caplin Point Laboratories Limited
SHILPAMED,Shilpa Medicare Limited
SHRIPISTON,SPR Auto Technologies Ltd
RAMCOCEM,Ramco Cements Limited
IGL,Indraprastha Gas Limited
HBLENGINE,HBL Engineering Limited
TENNIND,Tenneco Clean Air India Limited
KIOCL,KIOCL Ltd
CHENNPETRO,Chennai Petroleum Corporation Limited
TATAELXSI,Tata Elxsi Limited
AADHARHFC,Aadhar Housing Finance Ltd
WELSPUNLIV,Welspun Living Limited
IFCI,IFCI Limited
HAPPYFORGE,Happy Forging Limited
BRIGADE,Brigade Enterprises Limited
RATNAMANI,Ratnamani Metals & Tubes Ltd.
ELGIEQUIP,ELGI Equipments Limited
EIHOTEL,EIH Limited
CASTROLIND,Castrol India Limited
ESDS,ESDS Software Solution Limited
CESC,CESC Ltd
INOXINDIA,INOX India Limited
KAJARIACER,Kajaria Ceramics Limited
CHALET,Chalet Hotels Ltd.
FSL,Firstsource Solutions Limited
JINDALSAW,Jindal Saw Limited
TBOTEK,TBO Tek Ltd.
PFIZER,PFIZER LIMITED
LMW,LMW Limited
ABDL,Allied Blenders and Distillers Limited
ONESOURCE,OneSource Specialty Pharma Limited
ECLERX,eClerx Services Limited
AARTIIND,AARTI Industries Ltd
SUNTV,Sun TV Network Limited
ERIS,Eris Lifesciences Ltd
THELEELA,Leela Palaces Hotels & Resorts Limited
ATUL,Atul Limited
LALITHAA,Lalithaa Jewellery Mart Limited
AZAD,Azad Engineering Limited
SARDAEN,Sarda Energy & Minerals Limited
GMDCLTD,Gujarat Mineral Development Corporation Limited
TATACHEM,Tata Chemicals Limited
TRITURBINE,Triveni Turbine Limited
DEVYANI,Devyani International Ltd.
COHANCE,Cohance Lifesciences Ltd
CAMS,Computer Age Management Services Ltd
BEML,BEML Limited
CHOICEIN,Choice International Limited
POLYMED,Poly Medicure Limited
DEEPAKFERT,Deepak Fertilisers and Petrochemicals Corporation Ltd.
SIGMAADV,Sigma Advanced Systems Limited
VERTIS,Vertis Infrastructure Trust Units
ALIVUS,Alivus Life Sciences Ltd
OLAELEC,Ola Electric Mobility Limited
BAYERCROP,Bayer Cropscience India Limited
ZYDUSWELL,Zydus Wellness Limited
EMAMILTD,Emami Limited
CHAMBLFERT,Chambal Fertilisers & Chemicals Ltd.
JUBLPHARMA,Jubilant Pharmova Limited
APLLTD,Alembic Pharmaceuticals Limited
INOXWIND,Inox Wind Ltd.
ASTRAZEN,AstraZeneca Pharma India Limited
AVALON,Avalon Technologies Limited
CONCORDBIO,Concord Biotech Ltd.
INDIGRID,IndiGrid Infrastructure Trust
SAMMAANCAP,Sammaan Capital Ltd
USHAMART,Usha Martin Limited
SPLPETRO,Supreme Petrochem Limited
MINDACORP,Minda Corp. Ltd.
TRAVELFOOD,Travel Food Services Limited
PARADEEP,Paradeep Phosphates Ltd.
J&KBANK,Jammu & Kashmir Bank Ltd.
VTL,Vardhman Textiles Limited
VIJAYA,Vijaya Diagnostic Centre Ltd.
ENGINERSIN,Engineers India Limited
SHADOWFAX,Shadowfax Technologies Limited
TEGA,Tega Industries Ltd.
GPIL,Godawari Power & Ispat Ltd.
JSWCEMENT,JSW Cement Limited
GRAPHITE,Graphite India Limited
BASF,BASF India Limited
CLEANMAX,Clean Max Enviro Energy Solutions Limited
FINEORG,Fine Organic Industries Ltd.
ASTRAMICRO,Astra Microwave Products Ltd.
NAVA,Nava Limited
CENTURYPLY,Century Plyboards (India) Ltd.
PSB,Punjab & Sind Bank Ltd.
SYNGENE,Syngene International Ltd.
AEQUS,Aequs Ltd.
AGARWALEYE,Dr. Agarwal's Health Care Ltd.
KFINTECH,Kfin Technologies Limited
MAHSCOOTER,Maharashtra Scooters Ltd
FIVESTAR,Five-Star Business Finance Limited
HONASA,Honasa Consumer Limited
JNPR,Juniper Green Energy Limited
PGEL,PG Electroplast Limited
DCMSHRIRAM,DCM Shriram Limited
MARKSANS,Marksans Pharma Limited
THANGAMAYL,Thangamayil Jewellery Ltd.
ZENTEC,Zen Technologies Limited
HORIZONIND,Horizon Industrial Parks Limited
BHARATCOAL,Bharat Coking Coal Limited
SHAILY,Shaily Engineering Plastics Limited
GRWRHITECH,Garware Hi-Tech Films Limited
CIEINDIA,CIE Automotive India Ltd
CMPDI,Central Mine Planning & Design Institute Limited
LTFOODS,LT Foods Limited
NIVABUPA,Niva Bupa Health Insurance Company Limited
BBOX,Black Box Limited
KPITTECH,KPIT Technologies Limited
KANSAINER,Kansai Nerolac Paints Limited
ACE,Action Construction Equipment Limited
ARVIND,Arvind Limited
RAINBOW,Rainbow Childrens Medicare Limited
NATCOPHARM,NATCO Pharma Limited
ARE&M,Amara Raja Energy & Mobility Ltd
CANHLIFE,Canara HSBC Life Insurance Company Limited
CROMPTON,Crompton Greaves Consumer Electricals Ltd.
INDGN,Indegene Limited
JSWDULUX,JSW Dulux Ltd
TI,Tilaknagar Industries Limited
APOLLO,Apollo Micro Systems Ltd.
CCL,CCL Products (India) Limited
SWANDEF,Swan Defence and Heavy Industries Ltd
KIRLOSBROS,Kirloskar Brothers Ltd.
SKFINDUS,SKF India (Industrial) Ltd.
VGUARD,V-Guard Industries Limited
PRUDENT,Prudent Corporate Advisory Services Limited
CARTRADE,CarTrade Tech Ltd.
LUMAXTECH,Lumax Auto Technologies Limited
MOLBIO,Molbio Diagnostics Limited
BALRAMCHIN,Balrampur Chini Mills Ltd
TMB,Tamilnad Mercantile Bank Limited
BIKAJI,Bikaji Foods International Ltd.
JBMA,JBM Auto Limited
IGIL,International Gemological Institute Ltd
KSB,KSB Ltd.
ABREL,Aditya Birla Real Estate Ltd
PRIVISCL,Privi Speciality Chemicals Limited
CEATLTD,CEAT Limited
SEDEMAC,SEDEMAC Mechatronics Ltd.
NAZARA,Nazara Technologies Ltd.
PCBL,PCBL Chemical Limited
CORONA,Corona Remedies Limited
VARROC,Varroc Engineering Limited
INGERRAND,Ingersoll-Rand (India) Limited
VOGL,Vedanta Oil and Gas Limited
PVRINOX,PVR Inox Limited
ANURAS,Anupam Rasayan India Ltd.
GALLANTT,Gallantt Ispat Limited
EDELWEISS,Edelweiss Financial Services Limited
FRACTAL,Fractal Analytics Limited
HOMEFIRST,Home First Finance Company India Ltd.
WABAG,VA Tech Wabag Limited
SCI,Shipping Corporation of India Limited
ATLANTAELE,Atlanta Electricals Limited
RKFORGE,Ramkrishna Forgings Ltd
MANYAVAR,Vedant Fashions Limited
SOBHA,Sobha Limited
VENTIVE,Ventive Hospitality Limited
UTLSOLAR,Fujiyama Power Systems Limited
AKUMS,Akums Drugs and Pharmaceuticals Limited
SUDEEPPHRM,Sudeep Pharma Limited
BLUESTONE,Bluestone Jewellery and Lifestyle Limited
ASKAUTOLTD,ASK Automotive Limited
GODREJAGRO,Godrej Agrovet Limited
VINATIORGA,Vinati Organics Limited
DOMS,DOMS Industries Limited
UJJIVANSFB,Ujjivan Small Finance Bank Ltd.
EIDPARRY,E.I.D.-Parry (India) Limited
NSLNISP,NMDC Steel Limited
JSWHL,JSW Holdings Limited
LLOYDSENGG,Lloyds Engineering Works Ltd
PCJEWELLER,PC Jeweller Ltd.
AMAGI,Amagi Media Labs Limited
METROPOLIS,Metropolis Healthcare Ltd.
PARKHOSPS,Park Medi World Limited
SKYGOLD,Sky Gold and Diamonds Limited
E2E,E2E Networks Ltd
MANORAMA,Manorama Industries Ltd.
JMFINANCIL,JM Financial Limited
VEDPOWER,Vedanta Power Ltd
VISL,Vedanta Iron And Steel Limited
SOUTHBANK,South Indian Bank Limited
KTKBANK,Karnataka Bank Ltd.
APTUS,Aptus Value Housing Finance India Limited
UTIAMC,UTI Asset Management Co. Ltd.
NUVOCO,Nuvoco Vistas Corporation Limited
TECHNOE,Techno Electric & Engineering Company Limited
TRIDENT,Trident Limited
ELANTAS,ELANTAS Beck India Limited
GRAVITA,Gravita India Limited
SHREEJISPG,Shreeji Shipping Global Limited
QPOWER,Quality Power Electrical Equipments Ltd.
KARAMTARA,Karamtara Engineering Limited
BLACKBUCK,Blackbuck Ltd
STAR,Strides Pharma Science Ltd
BLUEDART,Blue Dart Express Limited
PARAS,Paras Defence & Space Technologies Ltd.
TITAGARH,Titagarh Rail Systems Ltd
JPPOWER,Jaiprakash Power Ventures Limited
CYIENT,Cyient Limited
VIYASH,Viyash Scientific Limited
BLUEJET,Blue Jet Healthcare Limited
VOLTAMP,Voltamp Transformers Limited
WELENT,Welspun Enterprises Ltd.
IIFLCAPS,IIFL Capital Services Ltd
YATHARTH,Yatharth Hospital and Trauma Care Services Limited
SIGNATURE,Signatureglobal (India) Limited
LLOYDSENT,Lloyds Enterprises Limited
KEC,KEC International Ltd.
INDIACEM,India Cements Ltd.
MGL,Mahanagar Gas Ltd
PGIL,Pearl Global Industries Limited
AAVAS,Aavas Financiers Ltd.
HCG,HealthCare Global Enterprises Ltd.
AVANTIFEED,Avanti Feeds Limited
LOTUSDEV,Sri Lotus Developers and Realty Limited
BBTC,Bombay Burmah Trading Corp. Ltd.
CANFINHOME,Can Fin Homes Ltd.
IRCON,IRCON International Ltd.
IEX,Indian Energy Exchange Ltd.
SBFC,SBFC Finance Limited
JKTYRE,JK Tyre & Industries Limited
SUDARSCHEM,Sudarshan Chemical Industries Limited
JUBLINGREA,Jubilant Ingrevia Ltd.
RATEGAIN,RateGain Travel Technologies Ltd.
ZENSARTECH,Zensar Technologies Limited
OLECTRA,Olectra Greentech Limited
KWIL,Kwality Walls (India) Limited
ABLBL,Aditya Birla Lifestyle Brands Limited
INDIAMART,IndiaMART InterMESH Ltd.
MAXESTATES,Max Estates Limited
RITES,RITES Ltd.
JWL,Jupiter Wagons Limited
HMT,HMT Ltd.
BLS,BLS International Services Ltd.
ALKYLAMINE,Alkyl Amines Chemicals Limited
SUVEN,Suven Life Sciences Limited
KENNAMET,Kennametal India Limited
SWANCORP,Swan Corp Limited
MAHSEAMLES,Maharashtra Seamless Limited
GENUSPOWER,Genus Power Infrastructures Limited
FINPIPE,Finolex Industries Limited
AFCONS,Afcons Infrastructure Limited
JAINREC,Jain Resource Recycling Limited
SAREGAMA,Saregama India Limited
SMLMAH,SML Mahindra Limited
WEWORK,WeWork India Management Limited
KIRLPNU,Kirloskar Pneumatic Co. Ltd.
ELECON,Elecon Engineering Co. Ltd.
KRN,Krn Heat Exchanger and Refrigeration Limited
INTELLECT,Intellect Design Arena Ltd
PRICOLLTD,Pricol Ltd.
SANOFICONR,Sanofi Consumer Healthcare India Limited
SGMART,SG Mart Ltd
TEJASNET,Tejas Networks Ltd.
PGINVIT,Powergrid Infrastructure Invesment Trust
WHIRLPOOL,Whirlpool Of India Limited
PGHL,Procter & Gamble Health Ltd.
THYROCARE,Thyrocare Technologies Ltd
JLHL,Jupiter Life Line Hospitals Ltd.
KRBL,KRBL Limited
MMTC,MMTC Limited
SHIPROCKET,Shiprocket Limited
TIMETECHNO,Time Technoplast Limited
JAYNECOIND,Jayaswal Neco Industries Limited
FIRSTCRY,Brainbees Solutions Limited
SANDUMA,Sandur Manganese & Iron Ores Ltd
CLEAN,Clean Science & Technology Ltd.
PNGJL,P N Gadgil Jewellers Limited
WESTLIFE,Westlife Foodworld Limited
RPOWER,Reliance Power Limited
PRECWIRE,Precision Wires India Limited
GNFC,Gujarat Narmada Valley Fertilizers & Chemicals Ltd.
ICIL,Indo Count Industries Limited
UNIMECH,Unimech Aerospace & Manufacturing Limited
BANCOINDIA,Banco Products (India) Limited
ESABINDIA,Esab India Limited
NCC,NCC Limited
WAAREERTL,Waaree Renewable Technologies Ltd
PAISALO,Paisalo Digital Ltd.
RELIGARE,Religare Enterprises Limited
TIPSMUSIC,Tips Music Limited
LEMONTREE,Lemon Tree Hotels Ltd.
RAILTEL,RailTel Corp. of India Ltd.
TARIL,Transformers and Rectifiers (India) Limited
IRBINVIT,IRB InvIT Fund
EQUITASBNK,Equitas Small Finance Bank Ltd.
DYNAMATECH,Dynamatic Technologies Limited
KINGFA,Kingfa Science & Technology (India) Limited
EMBDL,Embassy Developments Limited
CORDELIA,Waterways Leisure Tourism Limited
SETL,Standard Engineering Technology Ltd
BATAINDIA,Bata India Ltd
INDUSINVIT,Indus Infra Trust
AVL,Aditya Vision Ltd.
AUGMONT,Augmont Enterprises Limited
VESUVIUS,Vesuvius India Ltd
GRINFRA,G R Infraprojects Ltd.
GPPL,Gujarat Pipavav Port Limited
BSOFT,Birlasoft Limited
MEDPLUS,MedPlus Health Services Ltd.
KIRLFER,Kirloskar Ferrous Industries Ltd.
ORKLAINDIA,Orkla India Ltd.
EBGNG,Gng Electronics Limited
MIDHANI,Mishra Dhatu Nigam Ltd.
AXISCADES,AXISCADES Technologies Ltd.
SONATSOFTW,Sonata Software Limited
MPIMANIPAL,Manipal Payment and Identity Solutions Limited
STARCEMENT,Star Cement Ltd.
GARFIBRES,Garware Technical Fibres Limited
ENTERO,Entero Healthcare Solutions Limited
RPEL,Raghav Productivity Enhancers Ltd.
GALAXYSURF,Galaxy Surfactants Ltd.
POWERMECH,Power Mech Projects Ltd.
SUPRIYA,Supriya Lifescience Limited
MAHLIFE,Mahindra Lifespace Developers Limited
V2RETAIL,V2 Retail Limited
AARTIPHARM,Aarti Pharmalabs Limited
EPL,EPL Limited
JKPAPER,JK Paper Limited
SAPPHIRE,Sapphire Foods India Ltd.
NESCO,NESCO Limited
RHIM,RHI Magnesita India Limited
SKFINDIA,SKF India Limited
NEPHROPLUS,Nephrocare Health Services Limited
SJS,S.J.S. Enterprises Limited
HNDFDS,Hindustan Foods Ltd.
ZEEL,Zee Entertainment Enterprises Limited
SYMBIOTEC,Symbiotec Pharmalab Limited
EMIL,Electronics Mart India Limited
GAEL,Gujarat Ambuja Exports Limited
INDIASHLTR,India Shelter Finance Corp. Ltd.
EUREKAFORB,Eureka Forbes Limited
RELAXO,Relaxo Footwears Limited
KMEW,Knowledge Marine & Engineering Works Limited
SAFARI,Safari Industries (India) Limited
CELLO,Cello World Limited
CYIENTDLM,Cyient DLM Limited
RAYMOND,Raymond Limited
KAMAHOLD,Kama Holdings Limited
GMRP&UI,GMR Power and Urban Infra Ltd
TTKPRESTIG,TTK Prestige Limited
POWERICA,Powerica Limited
TIMEX,Timex Group India Limited
JYOTHYLAB,Jyothy Labs Limited
RAIN,Rain Industries Limited
CERA,Cera Sanitaryware Limited
IXIGO,Le Travenues Technology Limited
SANOFI,Sanofi India Limited
BENGALASM,Bengal & Assam Co. Ltd.
DCBBANK,DCB Bank Limited
MBAPL,Madhya Bharat Agro Products Ltd.
NEWGEN,Newgen Software Technologies Limited
SFL,Sheela Foam Ltd.
CENTUM,Centum Electronics Limited
BLISSGVS,Bliss GVS Pharma Limited
KSHINTL,KSH International Ltd.
ETHOSLTD,Ethos Ltd.
BECTORFOOD,Mrs. Bector's Food Specialities Ltd.
TTML,Tata Teleservices (Maharashtra) Limited
INOXGREEN,Inox Green Energy Services Ltd.
BALAMINES,Balaji Amines Limited
TIIL,Technocraft Industries (India) Limited
KANOHAR,Kanohar Electricals Ltd
INNOVACAP,Innova Captab Limited
DBL,Dilip Buildcon Ltd.
AEROFLEX,Aeroflex Industries Ltd.
OMNI,Omnitech Engineering Limited
RBA,Restaurant Brands Asia Limited
GMMPFAUDLR,GMM Pfaudler Limited
BAJAJCON,Bajaj Consumer Care Limited
KOVAI,Kovai Medical Center & Hospital Ltd.
SHARDACROP,Sharda Cropchem Ltd.
MOREPENLAB,Morepen Laboratories Limited
BORORENEW,Borosil Renewables Limited
IMFA,Indian Metals & Ferro Alloys Ltd.
CEIGALL,Ceigall India Limited
SUPRAJIT,Suprajit Engineering Limited
SBCL,Shivalik Bimetal Controls Ltd
TANLA,Tanla Platforms Ltd
GOKULAGRO,Gokul Agro Resources Ltd.
IBULLSLTD,Indiabulls Limited
FCL,Fineotex Chemical Limited
TFCILTD,Tourism Finance Corporation of India Limited
NEOGEN,Neogen Chemicals Ltd.
CAMPUS,Campus Activewear Ltd.
MANINDS,Man Industries (India) Limited
AJAXENGG,Ajax Engineering Ltd.
REDTAPE,Redtape Limited
KISSHT,Onemi Technology Solutions Limited
LEAPIND,LEAP India Limited
VMART,V-Mart Retail Ltd
JKLAKSHMI,JK Lakshmi Cement Limited
DODLA,Dodla Dairy Ltd.
SENORES,Senores Pharmaceuticals Ltd.
KUSUMGAR,Kusumgar Ltd.
SPARC,Sun Pharma Advanced Research Co. Ltd.
SUNFLAG,Sunflag Iron & Steel Co. Ltd.
KPIGREEN,KPI Green Energy Limited
BIRLACORPN,Birla Corporation Limited
IONEXCHANG,Ion Exchange (India) Ltd.
SKIPPER,Skipper Ltd
JSLL,Jeena Sikho Lifecare Limited
ISGEC,ISGEC Heavy Engineering Ltd.
GANESHHOU,Ganesh Housing Limited
SMARTWORKS,Smartworks Coworking Spaces Limited
TCI,Transport Corporation of India Limited
SHREMINVIT,Shrem Infra Invest Private Limited
BALUFORGE,Balu Forge Industries Ltd
ABFRL,Aditya Birla Fashion and Retail Ltd
GSFC,Gujarat State Fertilizers & Chemicals Limited
RCF,Rashtriya Chemicals & Fertilizers Ltd.
IOLCP,IOL Chemicals & Pharmaceuticals Ltd.
SIS,SIS Limited
VIKRAMSOLR,Vikram Solar Limited
FDC,FDC Ltd.
LCL,Lohia Corp Limited
PRSMJOHNSN,Prism Johnson Limited
TVSSCS,TVS Supply Chain Solutions Ltd.
GREENLAM,Greenlam Industries Ltd
PICCADIL,Piccadily Agro Industries Limited
JUSTDIAL,Just Dial Ltd.
SHAKTIPUMP,Shakti Pumps (India) Limited
CSBBANK,CSB Bank Ltd.
JAIBALAJI,Jai Balaji Industries Limited
ACI,Archean Chemical Industries Ltd.
PRAJIND,PRAJ Industries Limited
MARINE,Marine Electricals (India) Limited
HCC,Hindustan Construction Co. Ltd.
ARVINDFASN,Arvind Fashions Ltd.
SSWL,Steel Strips Wheels Ltd
STYL,Seshaasai Technologies Limited
FEDFINA,Fedbank Financial Services Ltd.
RENTOMOJO,Rentomojo Limited
JSFB,Jana Small Finance Bank Ltd
SENCO,Senco Gold Limited
ITDC,India Tourism Development Corp. Ltd.
TRANSRAILL,Transrail Lighting Limited
KALPATARU,Kalpataru Ltd.
CCAVENUE,AvenuesAI Ltd
KRISHANA,Krishana Phoschem Ltd.
LGBBROSLTD,L.G. Balakrishnan & Bros Ltd.
SHARDAMOTR,Sharda Motor Industries Ltd.
EMUDHRA,eMudhra Limited
ORCHPHARMA,Orchid Pharma Limited
SAATVIKGL,Saatvik Green Energy Ltd.
QUESS,Quess Corp. Ltd.
INDIGOPNTS,Indigo Paints Ltd
LUMAXIND,Lumax Industries Limited
STYLAMIND,Stylam Industries Limited
GUJTHEM,Gujarat Themis Biosyn Ltd
RPTECH,Rashi Peripherals Limited
NIRLON,Nirlon Limited
ARTEMISMED,Artemis Medicare Services Ltd.
VADILALIND,Vadilal Industries Limited
WHEELS,Wheels India Limited
AGI,AGI Greenpac Limited
MASFIN,MAS Financial Services Ltd.
SHANTIGEAR,Shanthi Gears Limited
ELLEN,Ellenbarrie Industrial Gases Limited
OPTIEMUS,Optiemus Infracom Limited
TRIVENI,Triveni Engineering and Industries Limited
GULFOILLUB,Gulf Oil Lubricants India Ltd
GOODLUCK,Goodluck India Ltd.
LATENTVIEW,Latent View Analytics Limited
DBREALTY,Valor Estate Ltd
JAMNAAUTO,Jamna Auto Industries Limited
NORTHARC,Northern Arc Capital Ltd.
UNIVCABLES,Universal Cables Limited
MSTCLTD,MSTC Ltd.
DEEDEV,DEE Development Engineers Limited
RAMRAT,Ram Ratna Wires Limited
ROSSTECH,Rossell Techsys Limited
VRLLOG,VRL Logistics Ltd.
PURVA,Puravankara Limited
NRBBEARING,NRB Bearings Ltd.
ASHAPURMIN,Ashapura Minechem Ltd
GOKEX,Gokaldas Exports Limited
SPECTRUM,Spectrum Electrical Industries Limited
CMRGREEN,CMR Green Technologies Limited
PDSL,PDS Limited
WSTCSTPAPR,West Coast Paper Mills Limited
FIEMIND,Fiem Industries Limited
FOSECOIND,Foseco India Limited
JINDWORLD,Jindal Worldwide Limited
MANINFRA,Man Infraconstruction Limited
SHAREINDIA,Share India Securities Ltd
JUNIPER,Juniper Hotels Limited
SOTL,Savita Oil Technologies Limited
BANSALWIRE,Bansal Wire Industries Limited
IFBIND,IFB Industries Ltd
NOVARTIND,Novartis India Limited
THOMASCOOK,Thomas Cook (India) Limited
LXCHEM,Laxmi Organic Industries Ltd.
MAPMYINDIA,C.E. Info Systems Ltd.
MASTEK,Mastek Limited
KDDL,KDDL Limited
MOIL,Moil Limited
CARERATING,CARE Ratings Ltd
RENUKA,Shree Renuka Sugars Limited
GOLDIAM,Goldiam International Limited
WAKEFIT,Wakefit Innovations Limited
HAPPSTMNDS,Happiest Minds Technologies Ltd.
VISHNU,Vishnu Chemicals Limited
BAJAJHIND,Bajaj Hindusthan Sugar Limited
EPIGRAL,Epigral Ltd
HEGAM,HEG Advanced Materials Ltd
YASHO,Yasho Industries Ltd.
UFLEX,UFlex Limited
VMARCIND,V-Marc India Limited
TEXRAIL,Texmaco Rail & Engineering Limited
SUBROS,Subros Limited
DEEPINDS,Deep Industries Limited
GVPIL,GE Power India Ltd.
AYE,Aye Finance Limited
PTC,PTC India Limited
GUJALKALI,Gujarat Alkalies & Chemicals Ltd.
GREAVESCOT,Greaves Cotton Limited
VENUSPIPES,Venus Pipes & Tubes Ltd.
CRAMC,Canara Robeco Asset Management Co. Ltd.
SURYAROSNI,Surya Roshni Limited
BOSCH_HCIL,Bosch Home Comfort India Ltd
DATAMATICS,Datamatics Global Services Limited
RPGLIFE,RPG Life Sciences Limited
SAMBHV,Sambhv Steel Tubes Limited
SHILCTECH,Shilchar Technologies Limited
ELECTCAST,Electrosteel Castings Ltd.
ROLEXRINGS,Rolex Rings Limited
FILATEX,Filatex India Ltd
RUSTOMJEE,Keystone Realtors Ltd.
MPSLTD,MPS Limited
PILANIINVS,Pilani Investment And Industries Corporation Limited
TEMPSENS,Tempsens Instruments (India) Limited
HIRECT,Hirect Limited
ANZEN,Anzen India Energy Yield Plus Trust Units
ARCIL,Asset Reconstruction Company (India) Limited
ICRA,ICRA Limited
GUFICBIO,Gufic Biosciences Limited
SMSPHARMA,SMS Pharmaceuticals Limited
DECNGOLD,Deccan Gold Mines Limited
WPIL,WPIL Limited
SHOPERSTOP,Shoppers Stop Limited
DHANUKA,Dhanuka Agritech Limited
SWARAJENG,Swaraj Engines Ltd
HAWKINCOOK,Hawkins Cookers Limited
SEAMECLTD,SEAMEC Limited
PITTIENG,Pitti Engineering Ltd.
PERNIASPOP,Purple Style Labs Limited
RESPONIND,Responsive Industries Limited
SUNTECK,Sunteck Realty Limited
HARSHA,Harsha Engineers International Ltd.
TBZ,Tribhovandas Bhimji Zaveri Limited
VIPIND,V.I.P.INDUSTRIES LTD.
BANARISUG,Bannari Amman Sugars Limited
NETWORK18,Network18 Media & Investments Limited
TATVA,Tatva Chintan Pharma Chem Limited
KSL,Kalyani Steels Ltd
LCCPROJECT,LCC Projects Limited
63MOONS,63 Moons Technologies Ltd.
SGFIN,SG Finserve Limited
SYMPHONY,Symphony Limited
ASHIANA,Ashiana Housing Limited
CAPILLARY,Capillary Technologies India Ltd.
SANATHAN,Sanathan Textiles Limited
MHRIL,Mahindra Holidays & Resorts India Limited
SWSOLAR,Sterling And Wilson Renewable Energy Limited
REFEX,Refex Industries Limited
MOSCHIP,Moschip Technologies Ltd
SEITINVIT,Sustainable Energy Infra Trust
PRASOLCHEM,Prasol Chemicals Limited
INDIQUBE,Indiqube Spaces Limited
COCKERILL,John Cockerill India Limited
RAYMONDREL,Raymond Realty Limited
KPL,Kwality Pharmaceuticals Ltd
AARTIDRUGS,Aarti Drugs Limited
VSSL,Vardhman Special Steels Limited
MAHLOG,Mahindra Logistics Ltd.
RAYMONDLSL,Raymond Lifestyle Limited
RALLIS,Rallis India Limited
HERITGFOOD,Heritage Foods Limited
KIRLOSIND,Kirloskar Industries Limited
ZOTA,Zota Health Care Ltd.
GHCL,GHCL Limited
ANTELOPUS,Antelopus Selan Energy Ltd
LASERPOWER,Laser Power & Infra Limited
AHLUCONT,Ahluwalia Contracts (India) Limited
UNIPARTS,Uniparts India Ltd.
TURTLEMINT,Turtlemint Fintech Solutions Limited
GRAUWEIL,Grauer & Weil India Ltd.
AVANTEL,Avantel Limited
TARC,TARC Limited
RTNPOWER,RattanIndia Power Limited
IDEAFORGE,Ideaforge Technology Limited
UNICHEMLAB,Unichem Laboratories Limited
AURIONPRO,Aurionpro Solutions Limited
INDOSTAR,IndoStar Capital Finance Limited
CAPINVIT,Capital Infra Trust
SANGHVIMOV,Sanghvi Movers Limited
KOLTEPATIL,Kolte-Patil Developers Limited
BAJAJELEC,Bajaj Electricals Limited
RTNINDIA,RattanIndia Enterprises Limited
NPST,Network People Services Technologies Limited
AIMTRON,Aimtron Electronics Limited
CMSINFO,CMS Info Systems Ltd.
VSTTILLERS,VST Tillers Tractors Limited
SINDHUTRAD,Sindhu Trade Links Ltd.
RML,Rane (Madras) Limited
WELSPLSOL,Welspun Specialty Solutions Limited
STYRENIX,Styrenix Performance Materials Ltd
KSCL,Kaveri Seed Co. Ltd.
SOLARA,Solara Active Pharma Sciences Ltd.
JASH,Jash Engineering Ltd.
JKIL,J. Kumar Infraprojects Limited
PREMEXPLN,Premier Explosives Limited
GREENPLY,Greenply Industries Ltd
POCL,Pondy Oxides & Chemicals Ltd.
PNCINFRA,PNC Infratech Ltd
MIDWESTLTD,Midwest Limited
ORIENTELEC,Orient Electric Ltd.
EIEL,Enviro Infra Engineers Limited
LUXIND,Lux Industries Ltd.
TRUALT,Trualt Bioenergy Limited
SAMHI,Samhi Hotels Limited
SANDHAR,Sandhar Technologies Ltd.
TCPLPACK,TCPL Packaging Limited
ALOKINDS,Alok Industries Limited
TVSSRICHAK,TVS Srichakra Limited
INDOTECH,Indo Tech Transformers Ltd.
VSTIND,VST Industries Limited
KIRIINDUS,Kiri Industries Limited
JTLIND,JTL Industries Limited
VAIBHAVGBL,Vaibhav Global Ltd.
POLYPLEX,Polyplex Corporation Limited
LUMINO,Lumino Industries Limited
DIVGIITTS,Divgi TorqTransfer Systems Ltd.
NITINSPIN,Nitin Spinners Limited
KNRCON,KNR Constructions Limited
HEMIPROP,Hemisphere Properties India Ltd.
PARAGMILK,Parag Milk Foods Ltd.
ASHIKAG,Ashika Global Securities Ltd
AGIIL,Agi Infra Ltd.
VINDHYATEL,Vindhya Telelinks Limited
NACLIND,NACL Industries Ltd
PRABHA,Prabha Energy Limited
INDRAMEDCO,Indraprastha Medical Corporation Limited
PACEDIGITK,Pace Digitek Limited
INDSWFTLAB,Ind-Swift Laboratories Ltd.
ADVENZYMES,Advanced Enzyme Technologies Ltd
NFL,National Fertilizers Ltd.
ANUP,Anup Engineering Ltd.
PSPPROJECT,PSP Projects Ltd
MAYURUNIQ,Mayur Uniquoters Limited
DBCORP,DB Corp. Ltd.
HLEGLAS,HLE Glascoat Ltd
WONDERLA,Wonderla Holidays Ltd.
DPABHUSHAN,D. P. Abhushan Ltd.
JINDALPOLY,Jindal Poly Films Limited
NOCIL,NOCIL Limited
HEIDELBERG,Heidelbergcement India Limited.
MUTHOOTMF,Muthoot Microfin Ltd
JTEKTINDIA,JTEKT India Limited
GOPAL,Gopal Snacks Limited
STEELCAS,Steelcast Ltd.
JUBLCPL,Jubilant Agri and Consumer Products Limited
BEPL,Bhansali Engineering Polymers Ltd.
BHAGCHEM,Bhagiradha Chemicals & Industries Ltd.
ASHOKA,Ashoka Buildcon Limited
APCOTEXIND,Apcotex Industries Ltd
OSWALPUMPS,Oswal Pumps Limited
ARSSBL,Anand Rathi Share and Stock Brokers Limited
WEBELSOLAR,Websol Energy System Limited
BOROLTD,Borosil Ltd
CMLL,Caliber Mining and Logistics Limited
DALMIASUG,Dalmia Bharat Sugar & Industries Ltd.
BUILDPRO,Shankara Buildpro Limited
CRIZAC,Crizac Limited
WINDMACHIN,Windsor Machines Limited
CARYSIL,Carysil Limited
STYLEBAAZA,Baazar Style Retail Limited
IMAGICAA,Imagicaaworld Entertainment Ltd.
CARRARO,Carraro India Ltd.
KERNEX,Kernex Microsystems India Ltd.
KKCL,Kewal Kiran Clothing Limited
FUSION,Fusion Finance Ltd
NIITMTS,NIIT Learning Systems Ltd
MMFL,MM Forgings Limited
SEIL,Shanti Educational Initiatives Ltd.
CONFIPET,Confidence Petroleum India Limited
ROUTE,"Route Mobile, Ltd."
ADFFOODS,ADF Foods Limited
PRINCEPIPE,Prince Pipes And Fittings Ltd
GIPCL,Gujarat Industries Power Co. Ltd.
SANGAMIND,Sangam (India) Limited
STEAMHOUSE,Steamhouse India Limited
ELPROINTL,Elpro International Ltd
MAITHANALL,Maithan Alloys Ltd.
RISHABH,Rishabh Instruments Limited
HGINFRA,H.G. Infra Engineering Ltd.
TALBROAUTO,Talbros Automotive Components Limited
BLSE,BLS E-Services Limited
RSYSTEMS,R Systems International Limited
INTERARCH,Interarch Building Solutions Ltd
PANAMAPET,Panama Petrochem Limited
RELTD,Ravindra Energy Ltd.
CHEMPLASTS,Chemplast Sanmar Limited
MONARCH,Monarch Networth Capital Limited
BALMLAWRIE,Balmer Lawrie & Co. Ltd.
JAYKAY,Jaykay Enterprises Limited
RAMCOIND,Ramco Industries Limited
HIKAL,Hikal Limited
NSIL,Nalwa Sons Investments Limited
NAVNETEDUL,Navneet Education Limited
MARATHON,Marathon Nextgen Realty Limited
NILKAMAL,Nilkamal Limited
INDNIPPON,India Nippon Electricals Limited
XPROINDIA,XPRO India Limited
RPSGVENT,RPSG Ventures Limited
UFBL,United Foodbrands Limited
DREDGECORP,Dredging Corporation of India Limited
INDORAMA,Indo Rama Synthetics (India) Limited
MANGLMCEM,Mangalam Cement Ltd
SUNCLAY,Sundaram-Clayton Limited
ORIANA,Oriana Power Limited
VIMTALABS,Vimta Labs Limited
DOLPHIN,Dolphin Offshore Enterprises India Ltd.
ADOR,Ador Welding Limited
MONOLITH,Monolithisch India Limited
STOVEKRAFT,Stove Kraft Ltd.
GANECOS,Ganesha Ecosphere Limited
DDEVPLSTIK,Ddev Plastiks Industries Limited
STALLION,Stallion India Fluorochemicals Limited
RATNAVEER,Ratnaveer Precision Engineering Limited
DCAL,Dishman Carbogen Amcis Ltd.
SUNDROP,Sundrop Brands Limited Shs Dematerialised
ALEMBICLTD,Alembic Limited
DIAMONDYD,Prataap Snacks Ltd.
UEL,Ujaas Energy Limited
EFCIL,EFC (I) Ltd.
TECHNVISN,TechNVision Ventures Ltd.
GATEWAY,Gateway Distriparks Limited
SPORTKING,Sportking India Ltd.
ARVSMART,Arvind SmartSpaces Ltd.
MUFIN,Mufin Green Finance Limited
KMCSHIL,KMC Speciality Hospitals (India) Limited
GANDHAR,Gandhar Oil Refinery (India) Limited
GLOBUSSPR,Globus Spirits Limited
GLASSWALL,Glass Wall Systems (India) Limited
SASKEN,Sasken Technologies Ltd
VINCOFE,Vintage Coffee and Beverages Limited
KLBRENG_B,Kilburn Engineering Ltd
ORIENTHOT,Oriental Hotels Limited
GKENERGY,GK Energy Limited
ORIENTCEM,Orient Cement Ltd.
DRAGARWQ,Dr. Agarwal'S Eye Hospital Limited
SAKAR,Sakar Healthcare Ltd
AUTOAXLES,Automotive Axles Limited
FLAIR,Flair Writing Industries Limited
MEDIASSIST,Medi Assist Healthcare Services Limited
TASTYBITE,Tasty Bite Eatables Ltd
UTKARSHBNK,Utkarsh Small Finance Bank Limited
HUBTOWN,Hubtown Limited
BODALCHEM,Bodal Chemicals Limited
BBL,Bharat Bijlee Limited
ROSSARI,Rossari Biotech Ltd
FMGOETZE,Federal-Mogul Goetze (India) Limited
SPAL,S.P. Apparels Ltd.
PATELENG,Patel Engineering Limited
EPACKPEB,Epack Prefab Technologies Limited
SATIN,Satin Creditcare Network Ltd
SHUKRAPHAR,Shukra Pharmaceuticals Ltd.
JGCHEM,JG Chemicals Limited
SOMANYCERA,Somany Ceramics Limited
ZAGGLE,Zaggle Prepaid Ocean Services Limited
GNA,GNA Axles Ltd
MVELECTRO,Mv Electrosystems Limited
SIYSIL,Siyaram Silk Mills Limited
PROTEAN,Protean eGov Technologies Limited
APOLLOPIPE,Apollo Pipes Ltd.
INDOCO,Indoco Remedies Limited
VEEDOL,Veedol Corp. Ltd
KABRAEXTRU,Kabra ExtrusionTechnik Ltd.
PIXTRANS,PIX Transmissions Ltd
ASIANENE,Asian Energy Services Limited
SBC,SBC Exports Ltd.
TIL,TIL Ltd.
EVEREADY,Eveready Industries India Ltd
HINDOILEXP,"Hindustan Oil Exploration Co., Ltd."
WINDLAS,Windlas Biotech Ltd.
THEJO,Thejo Engineering Ltd.
AJMERA,Ajmera Realty & Infra India Ltd
VENKEYS,Venky's (India) Limited
KITEX,Kitex Garments Limited
OBSCP,OBSC Perfection Ltd.
EASEMYTRIP,Easy Trip Planners Ltd.
ANANTAM,Anantam Highways Trust
PENIND,Pennar Industries Limited
RAJRATAN,Rajratan Global Wire Limited
PANACEABIO,Panacea Biotec Limited
SIKA,Sika Interplant Systems Limited
BETA,Beta Drugs Ltd.
SIRCA,Sirca Paints India Ltd.
ORISSAMINE,Orissa Minerals Development Company Limited
GEOJITFSL,Geojit Financial Services Ltd
ARKADE,Arkade Developers Limited
EUROPRATIK,Euro Pratik Sales Limited
GAJA,Gaja Alternative Asset Management Limited
JNKINDIA,Jnk India Limited
COSMOFIRST,Cosmo First Limited
BOMDYEING,Bombay Dyeing & Manufacturing Co. Ltd.
POKARNA,Pokarna Limited
GSPCROP,GSP Crop Science Limited
REPCOHOME,Repco Home Finance Ltd.
SAIPARENT,Sai Parenterals Limited
PARKHOTELS,Apeejay Surrendra Park Hotels Ltd.
EXICOM,Exicom Tele-Systems Ltd.
JISLJALEQS,Jain Irrigation Systems Limited
JISLDVREQS,Jain Irrigation Systems Limited
GOCLCORP,GOCL Corporation Limited
ALPEXSOLAR,Alpex Solar Ltd.
NELCO,Nelco Limited
SANSTAR,Sanstar Limited
RANEHOLDIN,Rane Holdings Limited
KNACK,Knack Packaging Limited
FREDUN,Fredun Pharmaceuticals Ltd.
DYCL,Dynamic Cables Ltd.
VERANDA,Veranda Learning Solutions Ltd.
STLNETWORK,STL Networks Limited
RAMKY,Ramky Infrastructure Limited
MARSONS,Marsons Limited
ADVAIT,Advait Energy Transitions Ltd
GMBREW,G.M. Breweries Ltd.
FISCHER,Fischer Medical Ventures Ltd
ELCIDIN,Elcid Investments Ltd.
NITCO,Nitco Limited
KICL,Kalyani Investment Co. Ltd.
MOLDTKPAC,Mold Tek Packaging Ltd
QUADFUTURE,Quadrant Future Tek Limited
PRAKASH,Prakash Industries Limited
BRIGHOTEL,Brigade Hotel Ventures Limited
VENUSREM,Venus Remedies Limited
RAMCOSYS,Ramco Systems Limited
NIBE,Nibe Ltd.
RAJESHEXPO,Rajesh Exports Limited
OMAXE,Omaxe Limited
AEROPLANE,Amir Chand Jagdish Kumar (Exports) Limited
LANDMARK,Landmark Cars Ltd.
TAJGVK,TAJGVK Hotels & Resorts Ltd.
ARMANFIN,Arman Financial Services Limited
ALGOQUANT,Algoquant Fintech Limited
KCP,KCP Ltd
MOTISONS,Motisons Jewellers Ltd
SILVERTUC,Silver Touch Technologies Ltd.
ESAFSFB,ESAF Small Finance Bank Limited
SPANDANA,Spandana Sphoorty Financial Limited
RACLGEAR,RACL Geartech Ltd
GREENPANEL,Greenpanel Industries Ltd
EMSLIMITED,EMS Ltd.
CANTABIL,Cantabil Retail India Limited
INA,Insolation Energy Ltd.
SHRINGARMS,Shringar House Of Mangalsutra Limited
BNAGROCHEM,BN Agrochem Ltd
PARACABLES,Paramount Communications Limited
BFUTILITIE,BF Utilities Ltd.
RELINFRA,Reliance Infrastructure Limited
SAGCEM,Sagar Cements Ltd
SHANTIGOLD,Shanti Gold International Limited
BAJEL,Bajel Projects Limited
SIMPLEXINF,Simplex Infrastructures Limited
ANONDITA,Anondita Medicare Limited
MACPOWER,Macpower CNC Machines Limited
BCG,Brightcom Group Limited
HONDAPOWER,Honda India Power Products Limited
MUKANDLTD,Mukand Limited
SAKSOFT,Saksoft Limited
AWFIS,Awfis Space Solutions Limited
KODYTECH,Kody Technolab Limited
BGRENERGY,BGR Energy Systems Limited
INDIANHUME,Indian Hume Pipe Co. Ltd.
MAHASTEEL,Mahamaya Steel Industries Ltd.
CAMLINFINE,Camlin Fine Sciences Limited
DANISH,Danish Power Ltd.
VINYAS,Vinyas Innovative Technologies Limited
TIRUMALCHM,Thirumalai Chemicals Limited
SHK,S H Kelkar and Company Ltd
MSPL,MSP Steel & Power Limited
BLEL,Behari Lal Engineering Limited
GENESYS,Genesys International Corporation Limited
TEAMLEASE,TeamLease Services Limited
SYNCOMF,Syncom Formulation (India) Ltd.
HESTERBIO,Hester Biosciences Limited
TCIEXP,TCI Express Ltd.
TINNARUBR,Tinna Rubber & Infrastructure Limited
BHARATRAS,Bharat Rasayan Limited
OAL,Oriental Aromatics Ltd.
HUHTAMAKI,Huhtamaki India Limited
SKYWAYS,Skyways Air Services Limited
BLUSPRING,Bluspring Enterprises Ltd
HPL,HPL Electric & Power Limited
SURAKSHA,Suraksha Diagnostic Ltd.
EIHAHOTELS,EIH Associated Hotels Limited
VIDYAWIRES,Vidya Wires Limited
TARSONS,Tarsons Products Limited
DCXINDIA,DCX Systems Limited
KRSNAA,Krsnaa Diagnostics Limited
NUCLEUS,Nucleus Software Exports Limited
LAOPALA,La Opala RG Ltd.
XTRANET,Xtranet Technologies Limited
SCILAL,Shipping Corporation of India Land and Assets Limited
IGPL,IG Petrochemicals Ltd.
HATHWAY,Hathway Cable & Datacom Ltd.
BLUECLOUDS,Blue Cloud Softech Solutions Ltd.
DEEPA,Deepa Jewellers Limited
KAPSTON,Kapston Services Limited
HGS,Hinduja Global Solutions Limited
NDRAUTO,NDR Auto Components Ltd.
VIDHIING,Vidhi Specialty Food Ingredients Ltd
INSECTICID,Insecticides (India) Limited
PAUSHAKLTD,Paushak Limited
RICOAUTO,Rico Auto Industries Limited
RGL,Renaissance Global Limited
TECHNOCRAF,Technocraft Ventures Limited
EPACK,Epack Durable Limited
WENDT,WENDT India Limited
DISAQ,DISA India Limited
INDOKEM,Indokem Limited
MENONBE,Menon Bearings Limited
INDIAGLYCO,India Glycols Limited
PFS,PTC India Financial Services Limited
CNL,Creative Newtech Limited
GRMOVER,GRM Overseas Ltd.
GRANDOAK,Grand Oak Canyons Distillery Ltd
SMCGLOBAL,SMC Global Securities Ltd. (India)
STUDDS,Studds Accessories Limited
AYMSYNTEX,AYM Syntex Limited
NGLFINE,NGL Fine-Chem Ltd.
AURUM,Aurum Proptech Limited
BFINVEST,BF Investment Limited
ACCELYA,Accelya Solutions India Ltd.
JINDRILL,Jindal Drilling & Industries Ltd.
JAICORPLTD,Jai Corp Limited
DIFFNKG,Diffusion Engineers Limited
KROSS,Kross Limited
SHREEPUSHK,Shree Pushkar Chemicals & Fertilisers Ltd.
RSL,Rajputana Stainless Limited
CAPACITE,Capacit'e Infraprojects Ltd.
DELTACORP,Delta Corp. Ltd. (India)
MOBIKWIK,One Mobikwik Systems Limited
ALLCARGO,Allcargo Logistics Limited
GARUDA,Garuda Construction and Engineering Limited
ACCENTMIC,Accent Microcell Limited
GOODYEAR,Goodyear India Limited
IKIO,IKIO Technologies Ltd
VIVIDEL,Vivid Electromech Ltd.
VHLTD,Viceroy Hotels Ltd
QLINE,Q-Line Biotech Limited
YATRA,Yatra Online Limited
PVP,PVP Ventures Limited
PNGSREVA,PNGS Reva Diamond Jewellery Limited
SERVOTECH,Servotech Renewable Power System Ltd
GOCOLORS,Go Fashion (India) Limited
VOEPL,Virtuoso Optoelectronics Limited
ASTEC,Astec Lifesciences Limited
MOL,Meghmani Organics Limited
ONEPOINT,One Point One Solutions Ltd.
KPEL,K.P. Energy Ltd.
BHAGERIA,Bhageria Industries Ltd.
NITTAGELA,Nitta Gelatin India Limited
KOTIC,Kothari Industrial Corp. Ltd.
SURYODAY,Suryoday Small Finance Bank Limited
SESHAPAPER,Seshasayee Paper & Boards Ltd.
DOLLAR,Dollar Industries Ltd.
UTSSAV,Utssav CZ Gold Jewels Limited
IPL,India Pesticides Ltd.
ASIANHOTNR,Asian Hotels (North) Limited
KRISHNADEF,Krishna Defence and Allied Industries Limited
RIR,RIR Power Electronics Limited
RUBYMILLS,Ruby Mills Limited
ARFIN,Arfin India Ltd
GCSL,Gretex Corporate Services Ltd
ARDEE,Ardee Industries Limited
SUMMITSEC,Summit Securities Limited
MIIL,Meghna Infracon Infrastructure Limited
ASIANTILES,Asian Granito India Limited
HITECH,Hi-Tech Pipes Ltd.
YUKEN,Yuken India Limited
TTKHLTCARE,TTK Healthcare Limited
DLINKINDIA,D-Link (India) Ltd.
JAGSNPHARM,Jagsonpal Pharmaceuticals Ltd.
GPTINFRA,GPT Infraprojects Limited
SHALBY,Shalby Ltd.
MMWL,Media Matrix Worldwide Limited
BLIL,Balmer Lawrie Investments Limited
MANALIPETC,Manali Petrochemicals Limited
GNRL,Gujarat Natural Resources Limited
INDOBORAX,Indo Borax & Chemicals Limited
MTNL,Mahanagar Telephone Nigam Limited
CEINSYS,Ceinsys Tech Ltd
RHETAN,Rhetan TMT Ltd.
MODISONLTD,Modison Limited
INFOBEAN,InfoBeans Technologies Ltd.
MCLOUD,Magellanic Cloud Ltd.
HINDWAREAP,Hindware Home Innovation Limited
AVADHSUGAR,Avadh Sugar & Energy Ltd.
CLSEL,Chaman Lal Setia Exports Limited
BHAGYANGR,Bhagyanagar India Limited
MBEL,M & B Engineering Limited
TEXINFRA,Texmaco Infrastructure & Holdings Limited
VIKRAN,Vikran Engineering Limited
AMRUTANJAN,Amrutanjan Health Care Limited
GTLINFRA,GTL Infrastructure Ltd
ANDHRAPAP,Andhra Paper Ltd.
GKSL,Gujarat Kidney & Super Speciality Ltd.
SIGNPOST,Signpost India Limited
PANORAMA,Panorama Studios International Ltd
MANAKCOAT,Manaksia Coated Metals & Industries Ltd
STEELXIND,Steel Exchange India Limited
IFGLEXPOR,IFGL Refractories Ltd.
SPMLINFRA,SPML Infra Limited
MBECL,McNally Bharat Engineering Co. Ltd.
BENARAS,Benares Hotels Limited
AHCL,Anlon Healthcare Limited
BIL,Bhartiya International Limited
FERMENTA,Fermenta Biotech Ltd
RAMBHAJO,Advit Jewels Limited
IZMO,IZMO Limited
FRONTSP,Frontier Springs Limited.
AEROENTER,Aeroflex Enterprises Ltd
PNBGILTS,PNB Gilts Limited
AVTNPL,AVT Natural Products Limited
INVPRECQ,Investment & Precision Castings Limited
EXPLEOSOL,Expleo Solutions Limited
KOPRAN,Kopran Limited
WALCHANNAG,Walchandnagar Industries Limited
DPEL,Divine Power Energy Ltd.
SPIC,Southern Petrochemical Industries Corporation Limited
JAGRAN,Jagran Prakashan Limited
GPTHEALTH,GPT Healthcare Limited
ALLTIME,All Time Plastics Limited
SHANKESH,Shankesh Jewellers Limited
SDBL,Som Distilleries & Breweries Ltd.
DCW,DCW Ltd.
ELITECON,Elitecon International Ltd.
SUNSHINE,Sunshine Pictures Limited
IMPAL,India Motor Parts & Accessories Limited
NAVKARCORP,Navkar Corporation Ltd
GALAPREC,Gala Precision Engineering Limited
IGARASHI,Igarashi Motors India Limited
BHARATSE,Bharat Seats Limited
PUNJABCHEM,Punjab Chemicals & Crop Protection Ltd.
NINSYS,NINtec Systems Ltd
UDS,Updater Services Limited
ARROWGREEN,Arrow Greentech Limited
EIMCOELECO,Eimco Elecon (India) Ltd.
DSSL,Dynacons Systems & Solutions Ltd.
ASALCBR,Associated Alcohols & Breweries Ltd.
GYFTR,Gyftr Ltd
ANDREWYU,Andrew Yule & Co. Ltd.
ANDHRSUGAR,Andhra Sugars Limited
CAPITALSFB,Capital Small Finance Bank Limited
ONIDA,Onida Electronics Ltd
UGROCAP,Ugro Capital Limited
ULTRAMAR,Ultramarine & Pigments Limited
PASHUPATI,Pashupati Cotspin Ltd.
MWL,Mangalam Worldwide Ltd.
DEN,DEN Networks Limited
ONIXSOLAR,Onix Solar Energy Ltd.
CENTENKA,Century Enka Limited
DIGITIDE,Digitide Solutions Ltd
FEDDERSHOL,Fedders Holding Ltd
ATULAUTO,Atul Auto Ltd
NIITLTD,NIIT Limited
GODAVARIB,Godavari Biorefineries Limited
GHCLTEXTIL,Ghcl Textiles Ltd.
STEL,STEL Holdings Limited
IRISDOREME,Iris Clothings Ltd.
COMSYN,Commercial Syn Bags Limited
SHRIRAMPPS,Shriram Properties Ltd.
SOLARWORLD,Solarworld Energy Solutions Limited
MMP,MMP Industries Ltd.
LINCOLN,Lincoln Pharmaceuticals Ltd
KALAMANDIR,Sai Silks (Kalamandir) Ltd.
IVALUE,Ivalue Infosolutions Limited
ALICON,Alicon Castalloy Limited
3BBLACKBIO,3B BlackBio Dx Ltd
SKMEGGPROD,SKM Egg Products Export (India) Ltd.
EXCELINDUS,Excel Industries Limited
SALSTEEL,S.A.L. Steel Ltd.
HMAAGRO,HMA Agro Industries Limited
KAMDHENU,Kamdhenu Limited
FLYSBS,FlySBS Aviation Limited
JAYBARMARU,Jay Bharat Maruti Limited
ALLDIGI,Alldigi Tech Ltd
ASTAR,Asian Star Co. Ltd.
SIGACHI,Sigachi Industries Limited
PRANAV,Pranav Constructions Limited
VALIANTORG,Valiant Organics Limited
ROTO,Roto Pumps Limited
DOLATALGO,Dolat Algotech Limited
TNPETRO,Tamilnadu Petro Products Ltd.
BHARATWIRE,Bharat Wire Ropes Ltd.
BLKASHYAP,B.L. Kashyap & Sons Ltd.
SACHEEROME,Sacheerome Limited
REMUS,Remus Pharmaceuticals Ltd.
SAFEENTP,Safe Enterprises Retail Fixtures Ltd.
ELECTHERM,Electrotherm (India) Limited
BIRLACABLE,Birla Cable Limited
DHANBANK,Dhanlaxmi Bank Ltd
ARIS,ArisInfra Solutions Limited
AKCAPIT,A. K. Capital Services Ltd.
PLATIND,Platinum Industries Limited
PRIZOR,Prizor Viztech Ltd.
TGVSL,TGV SRAAC Ltd
GAYAPROJ,Gayatri Projects Limited
BALAJITELE,Balaji Telefilms Limited
THEMISMED,Themis Medicare Limited
RAJRILTD,Raj Rayon Industries Limited
ZSARACOM,Saraswati Commercial (India) Ltd.
SUNRAKSHAK,Sunrakshakk Industries India Ltd
MATRIMONY,Matrimony.com Ltd.
JINDALPHOT,Jindal Photo Limited
SULA,Sula Vineyards Ltd.
BAJAJHCARE,Bajaj Healthcare Ltd
FINOPB,FINO Payments Bank Ltd.
EKC,Everest Kanto Cylinder Limited
PCCL,Petro Carbon & Chemicals Ltd
IRMENERGY,Irm Energy Limited
HARIOMPIPE,Hariom Pipe Industries Ltd.
PRECAM,Precision Camshafts Ltd.
MONTECARLO,Monte Carlo Fashions Ltd.
SHRIAHIMSA,Shri Ahimsa Naturals Limited
ANAWIL,Anawil Wire & Engineering Ltd.
GANDHITUBE,Gandhi Special Tubes Limited
SUBEXLTD,Subex Limited
APEX,Apex Frozen Foods Ltd.
ICEMAKE,Ice Make Refrigeration Ltd.
RUPA,Rupa & Co. Ltd.
RSWM,RSWM Ltd
TCC,TCC Concept Ltd
JYOTISTRUC,Jyoti Structures Ltd.
ORIENTTECH,Orient Technologies Limited
UNITECH,Unitech Limited
SRHHYPOLTD,Sree Rayalaseema Hi-Strength Hypo Limited
MASTERTR,Master Trust Limited
TSFINV,TSF INVESTMENTS LIMITED
TEMBO,Tembo Global Industries Ltd.
LAXMIDENTL,Laxmi Dental Ltd.
NRAIL,NR Agarwal Industries Ltd.
RIIL,Reliance Industrial Infrastructure Limited
VHL,Vardhman Holdings Limited
BOROSCI,Borosil Scientific Limited
BPLPHARMA,Bharat Parenterals Ltd.
CENTRUM,Centrum Capital Limited
WAAREEINDO,Indosolar Limited
UNIHEALTH,Unihealth Hospitals Ltd
GREENPOWER,Orient Green Power Company Ltd
GRPLTD,GRP Ltd
SUNSHIEL,Sunshield Chemicals Limited
FAZE3Q,Faze Three Ltd.
MUNJALAU,Munjal Auto Industries Limited
GULPOLY,Gulshan Polyols Limited
JARO,Jaro Institute of Technology Management and Research Limited
MVGJL,Manoj Vaibhav Gems 'N' Jewellers Limited
BIRLANU,Birlanu Limited
ONEGLOBAL,One Global Service Provider Ltd.
KRISHIVAL,Krishival Foods Limited
ACGL,Automobile Corporation of Goa Limited
NRL,Nupur Recyclers Limited
UNITEDPOLY,United Polyfab Gujarat Ltd
ARIHANT,Arihant Foundations & Housing Limited
DHAMPURSUG,Dhampur Sugar Mills Limited
CREST,Crest Ventures Limited
SYSTMTXC,Systematix Corporate Services Limited
SURAJEST,Suraj Estate Developers Limited
INDPRUD,Industrial & Prudential Investment Co. Ltd.
SEKURITIND,Saint-Gobain Sekurit India Ltd.
AWHCL,Antony Waste Handling Cell Ltd.
WEL,Wonder Electricals Limited
BUTTERFLY,Butterfly Gandhimathi Appliances Limited
AFSL,Abans Financial Services Ltd
JPOLYINVST,Jindal Poly Investment and Finance Co. Ltd.
HITECHGEAR,Hi-Tech Gears Limited
PRIMESECU,Prime Securities Limited
JYOTIRES,Jyoti Resins & Adhesives Ltd.
TNPL,Tamil Nadu Newsprint & Papers Ltd.
FRESHARA,Freshara Agro Exports Limited
NAHARSPING,Nahar Spinning Mills Ltd
TEJASCARGO,Tejas Cargo India Limited
TAC,TAC Infosec Limited
FINKURVE,Finkurve Financial Services Ltd.
MAMATA,Mamata Machinery Ltd.
ARIHANTSUP,Arihant Superstructures Limited
DVL,Dhunseri Ventures Limited
SHREDIGCEM,Shree Digvijay Cement Co. Ltd.
RMDRIP,R M Drip And Sprinklers Systems Limited
BCLIND,BCL Industries Ltd
MADRASFERT,Madras Fertilizers Ltd
WCIL,Western Carriers (India) Limited
5PAISA,5paisa Capital Ltd.
UTTAMSUGAR,Uttam Sugar Mills Limited
RAJOOENG,Rajoo Engineers Limited
CONSOFINVT,Consolidated Finvest & Holdings LTd
DAMCAPITAL,DAM Capital Advisors Ltd.
SALZERELEC,Salzer Electronics Limited
SRM,SRM Contractors Ltd.
INDOAMIN,Indo Amines Limited
SSEGL,Sathlokhar Synergys E&C Global Limited
CONTROLPR,Control Print Limited
DHARMAJ,Dharmaj Crop Guard Ltd.
ZUARI,Zuari Agro Chemicals Ltd.
HEALTHX,Health X Platform Ltd
AMNPLST,Amines & Plasticizers Ltd.
EXCELSOFT,Excelsoft Technologies Limited
ANUHPHR,Anuh Pharma Limited
NELCAST,Nelcast Limited
SVLL,Shree Vasu Logistics Ltd.
PDMJEPAPER,Pudumjee Paper Products Ltd.
AMBIKCO,Ambika Cotton Mills Limited
VIESL,Vision Infra Equipment Solutions Limited
SGIL,Synergy Green Industries Ltd.
TIRUPATIFL,Tirupati Forge Ltd.
SGRL,Shree Ganesh Remedies Ltd.
SUDARCOLOR,Sudarshan Colorants India Ltd
UNIECOM,Unicommerce eSolutions Limited
KRYSTAL,Krystal Integrated Services Ltd.
GANESHBE,Ganesh Benzoplast Limited
ESTER,Ester Industries Limited
BSHSL,Bombay Super Hybrid Seeds Ltd.
VILAS,Vilas Transcore Limited
VADILENT,Vadilal Enterprises Limited
ARIHANTCAP,Arihant Capital Markets Limited
HEXATRADEX,Hexa Tradex Limited
VELJAN,Veljan Denison Limited
SAHANA,Sahana System Limited
AMAL,Amal Ltd.
LGHL,Laxmi Goldorna House Ltd.
SAHASRA,Sahasra Electronic Solutions Limited
MAFATIND,Mafatlal Industries Limited
WEALTH,Wealth First Portfolio Managers Ltd.
RADHIKAJWE,Radhika Jeweltech Ltd
MCCHRLS_B,Mac Charles India Ltd.
VINSYS,Vinsys IT Services India Private Limited
SWELECTES,Swelect Energy Systems Limited
LIKHITHA,Likhitha Infrastructure Ltd
REGAAL,Regaal Resources Limited
ORICONENT,Oricon Enterprises Limited
SADHNANIQ,Sadhana Nitro Chem Limited
TANKUP,Tankup Engineers Limited
SALASAR,Salasar Techno Engineering Ltd.
MAXIND,Max India Ltd
BAHETI,Baheti Recycling Industries Limited
MUKKA,Mukka Proteins Limited
ROHLTD,Royal Orchid Hotels Limited
PREMIERPOL,Premier Polyfilm Limited
RNFI,RNFI Services Ltd.
PRECOT,Precot Ltd.
CHEMCON,Chemcon Speciality Chemicals Ltd
SEPC,SEPC Limited
EFFWA,Effwa Infra & Research Ltd.
BEEKAY,Beekay Steel Industries Ltd.
VISAKAIND,Visaka Industries Ltd.
QUICKHEAL,Quick Heal Technologies Ltd.
PRADPME,Pradeep Metals Limited
GAUDIUMIVF,Gaudium IVF & Women Health Ltd.
TANAA,Taneja Aerospace & Aviation Ltd.
HEXAGON,Hexagon Nutrition Limited
IFBAGRO,IFB Agro Industries Ltd.
ECORECO,Eco Recycling Limited
RITCO,Ritco Logistics Ltd.
MICEL,MIC Electronics Limited
NCLIND,NCL Industries Ltd
NDTV,New Delhi Television Limited
ZUARIIND,Zuari Industries Limited
WELINV,Welspun Investments & Commercials Ltd.
FAIRCHEMOR,Fairchem Organics Ltd
KOTHARIPET,Kothari Petrochemicals Ltd.
PROZONER,Prozone Realty Ltd
GEECEE,GeeCee Ventures Limited
WANBURY,Wanbury Limited
STERTOOLS,Sterling Tools Limited
UPHOT,U P Hotels Limited
DECCANCE,Deccan Cements Ltd
KANORICHEM,Kanoria Chemicals & Industries Ltd
HIMATSEIDE,Himatsingka Seide Limited.
CIFL,Capital India Finance Ltd
KECL,Kirloskar Electric Co. Ltd.
GEMAROMA,Gem Aromatics Limited
BORANA,Borana Weaves Limited
ORIRAIL,Oriental Rail Infrastructure Ltd.
SARLAPOLY,Sarla Performance Fibers Limited
SUPREMEINF,Supreme Infrastructure India Limited
ISTLTD,IST Ltd
BAFNAPH,Bafna Pharmaceuticals Limited
SEJALLTD,Sejal Glass Limited
PARIN,Parin Enterprises Limited
SANDESH,Sandesh Limited
ABINFRA,A B Infrabuild Ltd
20MICRONS,20 Microns Limited
SCODATUBES,Scoda Tubes Ltd.
STANLEY,Stanley Lifestyles Ltd.
ELDEHSG,Eldeco Housing & Industries Ltd.
HALDYNGL,Haldyn Glass Limited
KOKUYOCMLN,Kokuyo Camlin Limited
OMINFRAL,Om Infra Limited
SUYOG,Suyog Telematics Ltd.
OCCLLTD,OCCL Limited
DWARKESH,Dwarikesh Sugar Industries Ltd.
SWARAJ,Swaraj Suiting Limited
MERCURYEV,Mercury Ev-Tech Limited
PROSTARM,Prostarm Info Systems Limited
SICALLOG,Sical Logistics Limited.
DBOL,Dhampur Bio Organics Ltd
GICHSGFIN,GIC Housing Finance Limited
ARYAMAN,Aryaman Financial Services Limited
SOLEX,Solex Energy Ltd.
VASCONEQ,Vascon Engineers Limited
LOTUSCHO,Lotus Chocolate Co. Ltd.
VIVIANA,Viviana Power Tech Limited
MEIL,Mangal Electrical Industries Limited
DENTA,Denta Water and Infra Solutions Limited
LOKESHMACH,Lokesh Machines Ltd
TVSELECT,TVS Electronics Limited
YOGI,Yogi Limited
VLSFINANCE,V L S Finance Limited
TRANSPEK,Transpek Industry Limited
AMANTA,Amanta Healthcare Limited
JITFINFRA,JITF Infralogistics Ltd.
KARNIKA,Karnika Industries Ltd.
KELLTONTEC,Kellton Tech Solutions Ltd.
PATILAUTOM,Patil Automation Ltd.
RAMASTEEL,Rama Steel Tubes Ltd.
PARTH,Parth Electricals & Engineering Limited
PERMAGN,Permanent Magnets Limited
ZIMLAB,Zim Laboratories Ltd.
BAJAJST,Bajaj Steel Industries Limited
CHEMBONDCH,Chembond Chemicals Limited
SUNLITE,Sunlite Recycling Industries Limited
DMCC,DMCC Speciality Chemicals Limited
ASAL,Automotive Stampings & Assemblies Ltd.
RAJPALAYAM,Rajapalayam Mills Limited
KILITCH,Kilitch Drugs (India) Limited
SOFTTECH,SoftTech Engineers Ltd.
PVSL,Popular Vehicles and Services Limited
RBZJEWEL,RBZ Jewellers Limited
MANAKSTEEL,Manaksia Steels Ltd
ATLPP.E1,Allcargo Terminals Limited
ATL,Allcargo Terminals Limited
JAYAGROGN,Jayant Agro-Organics Limited
KUANTUM,Kuantum Papers Limited
EMKAY,Emkay Global Financial Services Limited
KAMATHOTEL,Kamat Hotels (India) Ltd
ABSMARINE,ABS Marine Services Ltd.
SPECIALITY,Speciality Restaurants Ltd.
ADVANCE,Advance Agrolife Ltd.
NEUEON,Neueon Corporation Limited
AXTEL,Axtel Industries Limited
VALIANTLAB,Valiant Laboratories Ltd.
GANESHCP,Ganesh Consumer Products Limited
EMAMIPAP,Emami Paper Mills Limited
ENKEIWHEL,Enkei Wheels (India) Limited
TUTIALKA,Tuticorin Alkali Chemicals & Fertilizers Limited
MAGADSUGAR,Magadh Sugar & Energy Ltd.
MANBA,Manba Finance Limited
VEEGALAND,Veegaland Developers Limited
SUMEETINDS,Sumeet Industries Limited
INDOFARM,Indo Farm Equipment Ltd.
HTEL,Hy-Tech Engineers Limited
BAJAJINDEF,Indef Manufacturing Limited
ADVENTHTL,Advent Hotels International Limited
SCPL,Sheetal Cool Products Ltd.
BLAL,BEML Land Assets Limited
DPSCLTD,India Power Corp. Ltd.
XCHANGING,Xchanging Solutions Limited
CHEVIOT,Cheviot Co. Ltd.
BIRLAMONEY,Aditya Birla Money Limited
PATELRMART,Patel Retail Limited
SATIA,Satia Industries Ltd
MODIS,Modi's Navnirman Ltd.
SHALPAINTS,Shalimar Paints Ltd
HERANBA,Heranba Industries Limited
STCINDIA,State Trading Corporation of India Limited
GLOBAL,Global Education Ltd.
KRONOX,Kronox Lab Sciences Limited
PRAVEG,Praveg Limited
DENTALKART,Vasa Denticity Limited
ECOSMOBLTY,ECOS (India) Mobility & Hospitality Limited
BESTAGRO,Best Agrolife Ltd.
FABTECH,Fabtech Technologies Limited
KRMAYURVED,KRM Ayurveda Ltd.
TREL,TransIndia Real Estate Limited
UNIVPHOTO,Universus Photo Imagings Ltd
EVERESTIND,Everest Industries Limited
LAXMIINDIA,Laxmi India Finance Limited
PPL,Prakash Pipes Limited
CREDENT,Credent Connect N Care Limited
SAAKSHI,Saakshi Medtech and Panels Limited
AHLWEST,Asian Hotels (West) Limited
CELLECOR,Cellecor Gadgets Limited
EIFFL,Euro India Fresh Foods Ltd.
SREEL,Sreeleathers Ltd.
ONWARDTEC,Onward Technologies Limited
SHINDL,Sharat Industries Ltd
SHIVAUM,Shiv Aum Steels Ltd.
UNIENTER,Uniphos Enterprises Limited
TVTODAY,TV Today Network Ltd.
INFLUX,Influx Healthtech Limited
PROV,Proventus Agrocom Ltd.
COFFEEDAY,Coffee Day Enterprises Ltd
EMPIND,Empire Industries Ltd. (India)
PASUPTAC,Pasupati Acrylon Limited
GLOSTERLTD,Gloster Ltd.
SUTLEJTEX,Sutlej Textiles & Industries Ltd.
GFLLIMITED,GFL Ltd
VOITHPAPR,Voith Paper Fabrics India Limited
INNOVANA,Innovana Thinklabs Ltd.
MAANALU,Maan Aluminium Limited
UGARSUGAR,Ugar Sugar Works Ltd
SHIVALIK,Shivalik Rasayan Ltd
ZFSTEERING,Z F Steering Gear (India) Limited
HARDWYN,Hardwyn India Ltd.
KANPRPLA,Kanpur Plastipack Limited
GTPL,GTPL Hathway Ltd
FOCE,Foce India Limited
AGARIND,Agarwal Industrial Corporation Limited
ARIES,Aries Agro Ltd.
SPELS,SPEL Semiconductor Limited
CCCL,Consolidated Construction Consortium Limited
DCMSIL,DCM Shriram International Limited
MALLCOM,Mallcom (India) Ltd.
NAMOEWASTE,Namo eWaste Management Ltd.
INNOVISION,Innovision Limited
ORBTEXP,Orbit Exports Ltd
HMVL,Hindustan Media Ventures Limited
DHUNINV,Dhunseri Investments Limited
KSOLVES,Ksolves India Ltd
SHRADDHA,Shraddha Prime Projects Limited
SAURASHCEM,Saurashtra Cement Limited
ZTECH,Z-Tech (India) Ltd.
SNOWMAN,Snowman Logistics Ltd
OMPOWER,Om Power Transmission Ltd.
ORIENTBELL,Orient Bell Limited
PANCHMAHQ,Panchmahal Steel Ltd
ANLON,Anlon Technology Solutions Limited
CEWATER,Concord Enviro Systems Limited
PYRAMID,Pyramid Technoplast Ltd.
KSE,KSE Ltd.
SHREERAMA,Shree Rama Multi-Tech Limited
KIRANVYPAR,Kiran Vyapar Ltd.
MOLDTECH,Mold-Tek Technologies Limited
DICIND,DIC India Limited
NAHARINDUS,Nahar Industrial Enterprises Limited
E2ERAIL,E To E Transportation Infrastructure Limited
ORIENTCER,Orient Ceratech Ltd
BLACKROSE,Black Rose Industries Limited
OSELDEVICE,Osel Devices Limited
SOUTHWEST,South West Pinnacle Exploration Ltd.
BIGBLOC,BIGBLOC Construction Ltd
CSM,CSM Technologies Ltd.
VAKRANGEE,Vakrangee Limited
HINDCOMPOS,Hindustan Composites Limited
IL&FSENGG,IL&FS Engineering & Construction Co. Ltd.
TRITONV,Triton Valves Limited
HTMEDIA,HT Media Limited
HAZOOR,Hazoor Multi Projects Limited
NAHARPOLY,Nahar Poly Films Limited
APTECHT,Aptech Limited
SAYAJIHOTL,Sayaji Hotels Limited
ADSL,Allied Digital Services Limited
ONMOBILE,OnMobile Global Limited
SHRJAGP,Shri Jagdamba Polymers Ltd.
VIRAT,Virat Industries Limited
UNIVASTU,Univastu India Ltd.
LINC,Linc Limited
DHABRIYA,Dhabriya Polywood Ltd
GLOTTIS,Glottis Ltd.
PENINLAND,Peninsula Land Limited
LAKSHMIMIL,Lakshmi Mills Co. Ltd.
HITECHCORP,Hitech Corporation Ltd
PRIMO,Primo Chemicals Limited
BLUEWATER,Blue Water Logistics Limited
3IINFOLTD,3i Infotech Limited
CHANDAN,CHANDAN HEALTHCARE LIMITED
SUPREMEPWR,Supreme Power Equipment Ltd.
MGEL,Mangalam Global Enterprise Ltd.
KDGREEN,KD Green Industries Ltd
CHEMFAB,Chemfab Alkalis Ltd.
UDAYJEW,Uday Jewellery Industries Ltd.
MAZDA,Mazda Limited
GGBL,Ganesh Green Bharat Limited
OSWALGREEN,Oswal Greentech Ltd.
MUNJALSHOW,Munjal Showa Limited
SUKHJITS,Sukhjit Starch & Chemicals Ltd.
TPLPLASTEH,TPL Plastech Limited
KNAGRI,KN Agri Resources Ltd.
HPTL,HP Telecom India Limited
MINDTECK,Mindteck (India) Limited
PTL,PTL Enterprises Limited
IRIS,IRIS RegTech Solutions Limited
CSLFINANCE,CSL Finance Limited
KAYA,Kaya Limited
MANIKA,Manika Plastech Limited
THEINVEST,Investment Trust of India Limited
CONNPLEX,Connplex Cinemas Limited
SJLOGISTIC,S J Logistics (India) Limited
DCMSRIND,DCM Shriram Industries Limited
GPECO,GP Eco Solutions India Limited
MAWANASUG,Mawana Sugars Limited
MCLEODRUSS,McLeod Russel India Limited
PANSARI,Pansari Developers Ltd.
PLASTIBLEN,Plastiblends India Limited
ACSTECH,ACS Technologies Ltd
SILINV,SIL Investments Limited
INTLCONV,International Conveyors Ltd.
BBTCL,B&B Triplewall Containers Ltd.
SIGMA,Sigma Solve Ltd
SHARDUL,Shardul Securities Limited
MANCREDIT,Mangal Credit & Fincorp Ltd.
KHAICHEM,Khaitan Chemicals & Fertilizers Ltd.
ENIL,Entertainment Network (India) Limited
ALBERTDAVD,Albert David Ltd
MODINATUR,Modi Naturals Limited
NILASPACES,Nila Spaces Ltd.
AQYLON,Aqylon Nexus Limited
ZEEMEDIA,Zee Media Corp. Ltd.
NBIFIN,N.B.I. Industrial Finance Company Ltd
URJA,Urja Global Limited
MEGATHERM,Megatherm Induction Limited
MUFTI,Credo Brands Marketing Limited
RUSHIL,Rushil Decor Ltd.
SCHAND,S Chand And Company Limited
TAURIAN,Taurian MPS Limited
OPTIVALUE,Optivalue Tek Consulting Limited
RAMANEWS,Shree Rama Newsprint Ltd.
SINGERIND,Singer India Limited
VISACHROME,Visa Chrome Ltd
APS,Australian Premium Solar (India) Limited
VTMLTD,VTM Limited
OSWALAGRO,Oswal Agro Mills Ltd.
BRAHMINFRA,Brahmaputra Infrastructure Ltd.
ABCOTS,AB Cotspin India Ltd.
AKIKO,Akiko Global Services Ltd.
MOMSBELIEF,Rays of Belief Limited
CORDSCABLE,Cords Cable Industries Limited
SHIVACEM,Shiva Cement Ltd
SHERA,Shera Energy Limited
UNIDT,United Drilling Tools Limited
KAVDEFENCE,Kavveri Defence & Wireless Technologies Limited
SARVESHWAR,Sarveshwar Foods Ltd.
DISHTV,Dish TV India Limited
RKSWAMY,R K Swamy Limited
VISHAL,Vishal Fabrics Ltd
ASAHISONG,Asahi Songwon Colors Ltd.
IWARE,Iware Supplychain Services Limited
CHAVDA,Chavda Infra Limited
DCI,Dc Infotech And Communication Ltd
ELIN,Elin Electronics Limited
GUJAPOLLO,Gujarat Apollo Industries Limited
HALEOSLABS,Haleos Labs Ltd.
ADVANIHOTR,Advani Hotels & Resorts (India) Ltd.
HLVLTD,HLV Limited
INDOTHAI,Indo Thai Securities Limited
LANCER,Lancer Container Lines Ltd
NILE,Nile Limited
SANGINITA,Sanginita Chemicals Ltd.
AARTISURF,Aarti Surfactants Ltd.
BMWVENTLTD,Bmw Ventures Limited
JENBURPH,Jenburkt Pharmaceuticals Ltd
EUROBOND,Euro Panel Products Limited
DENORA,De Nora India Limited
RAMAPHO,Rama Phosphates Limited
DONEAR,Donear Industries Limited
SINCLAIR,Sinclairs Hotels Limited
MAXVOLT,Maxvolt Energy Industries Limited
FROG,Frog Innovations Limited
AMCL,ANB Metal Cast Limited
INFINIUM,Infinium Pharmachem Ltd.
MEDICAMEQ,Medicamen Biotech Limited
KRITINUT,Kriti Nutrients Limited
VRAJ,Vraj Iron & Steel Ltd.
WSI,W.S. Industries (India) Limited
REPRO,Repro India Limited
CYBERTECH,CyberTech Systems & Software Ltd.
PURPLEUTED,Purple United Sales Ltd.
VPRPL,Vishnu Prakash R Punglia Ltd.
ALUFLUOR,Alufluoride Ltd
SHETHJI,Shreeji Global FMCG Limited
POEL,POCL Enterprises Ltd
NDLVENTURE,NDL Ventures Ltd
NAHARCAP,Nahar Capital & Financial Services Ltd.
PRIORITY,Priority Jewels Limited
EBIX,Ebix Limited
MANAKSIA,Manaksia Limited
GANESHIN,Ganesh Infraworld Ltd.
IGCL,Indogulf Cropsciences Limited
S&SPOWER,S&S Power Switchgear Ltd.
ADISOFT,Adisoft Technologies Limited
AEPL,Artemis Electricals & Projects Limited
SHEETAL,Sheetal Universal Ltd.
AZADIND,Azad India Mobility Ltd
OMAXAUTO,Omax Autos Limited
SBGLP,Suratwwala Business Group Ltd
BASILIC,Basilic Fly Studio Ltd.
PELATRO,Pelatro Limited
DIVINEHIRA,Divine Hira Jewellers Limited
LORDSCHLO,Lords Chloro Alkali Limited
BATLIBOI,Batliboi Limited
MANOMAY,Manomay Tex India Ltd.
TECHD,Techdefence Labs Solutions Limited
NEPTUNE,Neptune Petrochemicals Limited
MANORG,Mangalam Organics Ltd
FOCUS,Focus Lighting and Fixtures Ltd
SAHYADRI,Sahyadri Industries Limited.
MIRZAINT,Mirza International Limited
NDL,Nandan Denim Limited
VINYLINDIA,Vinyl Chemicals (India) Limited
FOODSIN,Foods & Inns Ltd.
MONEYBOXX,MoneyBoxx Finance Ltd.
XTGLOBAL,XTGlobal Infotech Ltd.
ACL,Andhra Cements Limited
GOKUL,Gokul Refoils & Solvent Ltd.
JKIPL,Jinkushal Industries Limited
TEAMTECH,Teamtech Formwork Solutions Limited
PSRAJ,P S Raj Steels Ltd.
MAJESAUT,Majestic Auto Limited
BANSWRAS,Banswara Syntex Ltd
GVKPIL,GVK Power & Infrastructure Limited
DIGISPICE,DiGiSPICE Technologies Ltd.
COMMITTED,Committed Cargo Care Limited
BIRLAPREC,Birla Precision Technologies Limited
FORCAS,Forcas Studio Limited
NICCOPAR,Nicco Parks & Resorts Ltd.
CPL,Captain Polyplast Ltd.
KOTHARIPRO,Kothari Products Limited.
AUTOIND,Autoline Industries Limited
VISHNUINFR,Vishnusurya Projects & Infra Limited
MARKOLINES,Markolines Pavement Technologies Limited
MUTHOOTCAP,Muthoot Capital Services Ltd.
MENNPIS,Menon Pistons Limited
RADIANTCMS,Radiant Cash Management Services Limited
LIBERTSHOE,Liberty Shoes Limited
MADHUSUDAN,Madhusudan Masala Limited
AFIL,Akme Fintrade (India) Limited
ECOLINE,Ecoline Exim Limited
TARACHAND,Tara Chand Infralogistic Solutions Limited
PAKKA,Pakka Ltd
NIMBSPROJ,Nimbus Projects Limited
UYFINCORP,U. Y. Fincorp Limited
INNOMET,Innomet Advanced Materials Limited
RUBFILA,Rubfila International Limited
BELLACASA,Bella Casa Fashion & Retail Ltd.
UHTL,United Heat Transfer Ltd.
AVONMORE,Avonmore Capital & Management Services Limited
RRECL,RDB Real Estate Constructions Ltd
ENCOMPAS,Encompass Design India Limited
TRANSWORLD,Transworld Shipping Lines Ltd
SURAJLTD,Suraj Limited
SHREEDHAR,Shreedhar Spinners Limited
ORIENTPPR,Orient Paper & Industries Ltd.
QUINT,Quint Digital Ltd
KESORAMIND,Kesoram Industries Ltd
QMSMEDI,QMS Medical Allied Services Limited
MVKAGRO,M.V.K. Agro Food Product Ltd.
HALDER,Halder Venture Ltd.
FELIX,Felix Industries Ltd
HOACFOODS,HOAC Foods India Limited
CKKRETAIL,C K K Retail Mart Limited
VARDHACRLC,Vardhman Acrylics Ltd.
KOTYARK,Kotyark Industries Ltd.
VGL,Varvee Global Limited
SHANKARA,Shankara Building Products Ltd.
TAALTECH,TAAL TECH LTD.
ABMKNO,ABM Knowledgeware Limited
METALIC,Metalic TechnoForge Limited
GOACARBON,Goa Carbon Limited
EMAMIREAL,Emami Realty Limited
TOLINS,Tolins Tyres Limited
GINNIFILA,Ginni Filaments Limited.
HCL_INSYS,HCL Infosystems Limited
APEXECO,Apex Ecotech Ltd.
ZODIAC,Zodiac Energy Ltd.
GRETEX,Gretex Industries Ltd.
THOMASCOTT,Thomas Scott (India) Limited
DANGEE,Dangee Dums Ltd.
INSPIRISYS,lnspirisys Solutions Limited
OILCOUNTUB,Oil Country Tubular Limited
KALYANIFRG,Kalyani Forge Limited
ANNU,Annu Projects Limited
MBLINFRA,MBL Infrastructure Limited
VGINFOTECH,Virtual Galaxy Infotech Ltd.
SILKFLEX,Silkflex Polymers (India) Ltd.
TRACXN,Tracxn Technologies Ltd.
SHEMAROO,Shemaroo Entertainment Ltd.
ASHUTOSH,Ashutosh Fibre Limited
SWISSMLTRY,Swiss Military Consumer Goods Limited
TCL,Thaai Casting Limited
PPAP,PPAP Automotive Limited
DREAMFOLKS,Dreamfolks Services Limited
CLAYCRAFT,Clay Craft India Limited
REMSONSIND,Remsons Industries Limited
GRCL,Gayatri Rubbers & Chemicals Ltd.
DCMNVL,DCM Nouvelle Ltd.
ESSARSHPNG,Essar Shipping Limited.
KCPSUGIND,KCP Sugar & Industries Corp. Ltd.
BEDMUTHA,Bedmutha Industries Limited
CPEDU,Career Point Edutech Limited
ATMASTCO,Atmastco Limited
DEVX,Dev Accelerator Limited
AKSHARCHEM,AksharChem India Ltd.
HPAL,HP Adhesives Ltd.
CGRAPHICS,Creative Graphics Solutions India Ltd.
HARRMALAYA,Harrisons Malayalam Ltd
AASTHA,Aastha Spintex Limited
IITL,Industrial Investment Trust Limited
SHANTIINOR,Shanti Inorganics Limited
RUCHIRA,Ruchira Papers Limited
DBEIL,Deepak Builders & Engineers India Limited
ROSSELLIND,Rossell India Limited
YASHOPTICS,Yash Optics and Lens Limited
SHAH,Shah Metacorp Ltd
SYSTANGO,Systango Technologies Limited
NURECA,Nureca Ltd.
GEEKAYWIRE,Geekay Wires Ltd.
TREJHARA,Trejhara Solutions Ltd.
ALMONDZ,Almondz Global Securities Limited
SIMCA,Simca Advertising Limited
OPTIMYSTIX,Optimystix Entertainment India Limited
UCAL,UCAL Limited
AVANA,Avana Electrosystems Limited
AVG,AVG Logistics Ltd.
APOLSINHOT,Apollo Sindoori Hotels Ltd.
ESFL,Essen Speciality Films Limited
VERTOZ,Vertoz Ltd
PRIMECAB,Prime Cable Industries Limited
KATARIA,Kataria Industries Limited
UCL,Ushanti Colour Chem Ltd.
SCANSTL,Scan Steels Ltd
KRITI,Kriti Industries (India) Ltd.
GULFPETRO,GP Petroleums Limited
DYNAMIC,Dynamic Services & Security Limited
COOLCAPS,Cool Caps Industries Limited
HILINFRA,Highway Infrastructure Limited
MEGASTAR,Megastar Foods Ltd.
TERASOFT,Tera Software Limited
CINELINE,Cineline India Limited
C2C,C2C Advanced Systems Ltd.
PODDARMENT,Poddar Pigments Limited
LYKALABS,Lyka Labs Limited
MAHICKRA,Mahickra Chemicals Ltd.
DAVANGERE,Davangere Sugar Company Limited
AGARWALTUF,Agarwal Toughened Glass India Limited
AXITA,Axita Cotton Ltd.
RHL,Robust Hotels Ltd.
PONNIERODE,Ponni Sugars (Erode) Ltd.
ASHIMASYN,Ashima Limited
CLEDUCATE,CL Educate Ltd.
GCHOTELS,Grand Continent Hotels Ltd.
MODIRUBBER,Modi Rubber Limited
ELGIRUBCO,Elgi Rubber Company Limited
BRANDMAN,Brandman Retail Limited
ARIHANTACA,Arihant Academy Ltd.
TIRUPATI,Shree Tirupati Balajee FIBC Ltd.
AMBALALSA,Ambalal Sarabhai Enterprises Limited
SAB,SAB Industries Ltd.
VIJIFIN,Viji Finance Ltd.
PKTEA,Peria Karamalai Tea & Produce Co. Ltd.
GENUSPAPER,Genus Paper & Boards Ltd
OLIL,Oneclick Logistics India Limited
TAMBOLIIN,Tamboli Industries Ltd
OMFREIGHT,Om Freight Forwarders Limited
SAYAJIIND,Sayaji Industries Limited
SVGLOBAL,S V Global Mill Ltd.
AAREYDRUGS,Aarey Drugs & Pharmaceuticals Ltd.
ATLANTAA,Atlantaa Ltd
NATHBIOGEN,Nath Bio-Genes (India) Ltd.
SAVY,Savy Infra and Logistics Limited
DYNPRO,Dynemic Products Limited
ANNAPURNA,Annapurna Swadisht Limited
CPCAP,CP Capital Ltd
VARDMNPOLY,Vardhman Polytex Ltd
MEDICO,Medico Remedies Ltd.
RBMINFRA,RBM Infracon Limited
MAHEPC,Mahindra EPC Irrigation Limited
EXXARO,Exxaro Tiles Ltd.
SUNDRMBRAK,Sundaram Brake Linings Limited
BALAJIPHOS,Balaji Phosphates Ltd.
APCL,Anjani Portland Cement Limited
EPWINDIA,EPW India Limited
VETO,Veto Switchgears & Cables Ltd.
SONAMLTD,Sonam Ltd
CPS,C P S Shapers Ltd.
ACTIVEINFR,Active Infrastructures Limited
JAINIK,Jainik Power and Cables Ltd.
TIGERLOGS,Tiger Logistics (India) Ltd.
SKP,SKP Bearing Industries Ltd.
DJML,DJ Mediaprint & Logistics Ltd
CMNL,Chaman Metallics Ltd.
HIGREEN,HI-Green Carbon Limited
SOMATEX,Soma Textiles & Industries Ltd
RPPINFRA,RPP Infra Projects Ltd.
KMSUGAR,K.M. Sugar Mills Ltd.
MKEXIM,M.K. Exim (India) Limited
PLAZACABLE,Plaza Wires Limited
GICL,Globe International Carriers Ltd.
EMPOWER,Empower India Limited
SIKKO,Sikko Industries Ltd.
A2ZINFRA,A2Z Infra Engineering Limited
JAYSREETEA,Jay Shree Tea & Industries Ltd.
ESCONET,Esconet Technologies Limited
NILAINFRA,Nila Infrastructures Limited
COASTCORP,Coastal Corporation Limited
MARC,Marc Technocrats Limited
KRISHCA,Krishca Strapping Solutions Ltd.
AKANKSHA,Akanksha Power And Infrastructure Limited
VOLERCAR,Voler Car Limited
NDGL,Naga Dhunseri Group Ltd
YAAP,YAAP Digital Ltd.
SRD,Shankar Lal Rampal Dye-Chem Ltd.
GRAVISSHO,Graviss Hospitality Limited
SHREEKARNI,Shree Karni Fabcom Limited
BI,Bilcare Ltd
DIAMINESQ,Diamines & Chemicals Ltd.
LANCORHOL,Lancor Holdings Limited
PRITIKAUTO,Pritika Auto Industries Ltd
PUSHPA,Pushpa Jewellers Limited
SPENCERS,Spencer's Retail Ltd.
PRAMODINI,Pramodini Medicare Limited
AARON,Aaron Industries Ltd.
SSFL,Srivari Spices and Foods Limited
CHEMBOND,Chembond Material Technologies Limited
GLOBECIVIL,Globe Civil Projects Ltd.
TECHERA,Techera Engineering India Ltd.
RCOM,Reliance Communications Limited
MAGSON,Magson Retail and Distribution Limited
BIMETAL,Bimetal Bearings Limited
SAPPL,Shree Ajit Pulp And Paper Ltd
EQUIPPP,Equippp Social Impact Technologies Limited
MERCANTILE,Mercantile Ventures Ltd
DAICHI,Dai-Ichi Karkaria Limited
SPUNWEB,Spunweb Nonwoven Limited
RVHL,Ravinder Heights Ltd
IVC,IL&FS Investment Managers Ltd.
QUALIANCE,Qualiance International Ltd.
ALLETEC,All E Technologies Limited
SATKARTAR,Sat Kartar Life Limited
ASHWINI,Ashwini Container Movers Limited
WTICAB,Wise Travel India Limited
AHLEAST,Asian Hotels (East) Limited
TAKE,TAKE Limited
ASCOM,Ascom Leasing & Investments Ltd.
SHRADHA,Shradha Realty Ltd
STARPAPER,Star Paper Mills Ltd.
DSFCL,DCM Shriram Fine Chemicals Limited
JAINAM,Jainam Ferro Alloys (I) Ltd.
SSDL,Saraswati Saree Depot Limited
VMSTMT,Vms Tmt Limited
LOTUSEYE,Lotus Eye Hospital And Institute Ltd
SHIVAMAUTO,Shivam Autotech Limited
TRF,TRF Limited.
SAKUMA,Sakuma Exports Limited
FCSSOFT,FCS Software Solutions Limited
RNBDENIMS,R&B Denims Ltd
NIPPOBATRY,Indo National Limited
UFO,UFO Moviez India Ltd.
KHADIM,Khadim India Limited
MARALOVER,Maral Overseas Limited
COMPEAU,Competent Automobiles Co. Ltd.
SAHLIBHFI,Shalibhadra Finance Limited
BHADORA,Bhadora Industries Limited
WORTHPERI,Worth Peripherals Ltd.
NITIRAJ,Nitiraj Engineers Ltd.
BTTL,Bhilwara Technical Textiles Limited
STARTECK,Starteck Finance Ltd.
MANAKALUCO,Manaksia Aluminium Company Ltd
ACCPL,Accretion Pharmaceuticals Ltd.
DUCOL,Ducol Organics & Colours Ltd.
VIKASLIFE,Vikas Lifecare Limited
ARVEE,Arvee Laboratories (India) Ltd.
IVP,IVP Ltd
NATIONSTD,National Standard (India) Ltd.
MUNISH,Munish Forge Ltd.
LEMERITE,Le Merite Exports Ltd.
RMC,RMC Switchgears Ltd.
DPWIRES,DP Wires Ltd.
ICELCO,IC Electricals Company Limited
GENCON,Generic Engineering Construction & Projects Ltd.
FIDEL,Fidel Softech Ltd.
IWP,Indian Wood Products Co. Ltd.
BAGDIGITAL,B.A.G. Convergence Ltd.
SUMIT,Sumit Woods Ltd.
SILGO,Silgo Retail Ltd
SMARTLINK,Smartlink Holdings Limited
ZEELEARN,Zee Learn Limited
SETCO,Setco Automotive Limited
USHAFIN,Usha Financial Services Limited
KOTARISUG,Kothari Sugars & Chemicals Ltd.
BPL,BPL Limited
APRAMEYA,Aprameya Engineering Limited
TECHLABS,Trident Techlabs Limited
GOLDTECH,AION-TECH Solutions Limited
SURANAT&P,Surana Telecom & Power Ltd.
TEAMGTY,Team India Guaranty Ltd
RANASUG,Rana Sugars Limited
SAKHTISUG,Sakthi Sugars Limited
SUBAHOTELS,Suba Hotels Limited
EFACTOR,E Factor Experiences Ltd.
GOLDSTAR,Goldstar Power Ltd.
PAVNAIND,Pavna Industries Limited
GILLANDERS,Gillanders Arbuthnot & Co. Ltd.
NOVAAGRI,Nova Agritech Limited
UNITEDTEA,United Nilgiri Tea Estates Co. Ltd.
HAMPTON,Hampton Sky Realty Limited
NECLIFE,Nectar Lifesciences Ltd.
ALFREDHE,Alfred Herbert (India) Ltd.
PRATHAM,Pratham EPC Projects Ltd.
MAHESHWARI,Maheshwari Logistics Ltd.
CENTEXT,Century Extrusions Ltd
PIGL,Power & Instrumentation (Gujarat) Ltd.
CCHHL,Country Club Hospitality & Holidays Limited
INM,Interiors & More Ltd.
ANYA,Anya Polytech & Fertilizers Limited
FINBUD,Finbud Financial Services Limited
MLKFOOD,Milkfood Ltd.
VSTL,Vibhor Steel Tubes Ltd.
SRGHFL,SRG Housing Finance Ltd.
SHIVATEX,Shiva Texyarn Limited
SIGIND,Signet Industries Limited
MADHAVIPL,Madhav Infra Projects Ltd.
DHARARAIL,Dhara Rail Projects Limited
CSSL,Clear Secured Services Ltd.
SHIVASHRIT,Shivashrit Foods Limited
PROPEQUITY,P.E. Analytics Limited
RADIOCITY,Music Broadcast Ltd.
AIRAN,Airan Ltd.
KORE,Jay Jalaram Technologies Ltd.
TAINWALCHM,Tainwala Chemicals & Plastics (India) Ltd
ALANKIT,Alankit Limited
ARCHIDPLY,Archidply Industries Limited
SICAGEN,Sicagen India Limited
NEAGI,Neelamalai Agro Industries Limited
SUMAX,Sumax Engineering Limited
AVATAR,Avatar Industries Ltd
ASMS,Avio Smart Market Stack Ltd
RVTH,Revathi Equipment India Ltd.
ARCL,ARCL Organics Ltd.
SPEB,SPEB Adhesives Ltd.
AUSOMENT,Ausom Enterprise Limited
SINTERCOM,Sintercom India Ltd.
SAHAJSOLAR,Sahaj Solar Limited
RUDRA,Rudra Global Infra Products Ltd.
NECCLTD,North Eastern Carrying Corp. Ltd.
BALAJEE,Shree Tirupati Balajee Agro Trading Company Limited
AARVI,Aarvi Encon Ltd.
JMA,Jullundur Motor Agency (Delhi) Ltd
VIJSOLX,Vijay Solvex Ltd.
AFFORDABLE,Affordable Robotic & Automation Ltd.
BASML,Bannari Amman Spinning Mills Limited
ALPINETEX,Alpine Texworld Limited
HINDADH,Hindustan Adhesives Limited
AARADHYA,Aaradhya Disposal Industries Limited
RRIL,RRIL Limited
ONDOOR,On Door Concepts Limited
NTCIND,NTC Industries Limited
ASPINWALL,Aspinwall and Company Limited
ELGNZ,Eleganz Interiors Ltd.
INTENTECH,Intense Technologies Limited
MASON,Mason Infratech Limited
EKI,EKI Energy Services Ltd.
EMAPARTNER,Ema Partners India Limited
TRANSTEEL,Transteel Seating Technologies Limited
VIPCLOTHNG,VIP Clothing Limited
RBS,Ramdevbaba Solvent Limited
GOYALSALT,Goyal Salt Limited
TTL,T T Limited
MACOBSTECH,Macobs Technologies Ltd.
GIRIRAJ,Giriraj Civil Developers Ltd.
BCONCEPTS,Brand Concepts Ltd.
ZODIACLOTH,Zodiac Clothing Company Limited
JAYBEE,Jay Bee Laminations Limited
ALPHAGEO,Alphageo (India) Ltd.
ABANSENT,ABans Enterprises Ltd.
GLOBALVECT,Global Vectra Helicorp Limited
CUDML,Cash Ur Drive Marketing Limited
VIKASECO,Vikas EcoTech Limited
WATERBASE,Waterbase Limited
MRIL,Mahendra Realtors & Infrastructure Limited
DRCSYSTEMS,DRC Systems India Limited
COMFINTE,Comfort Intech Limited
HVAX,HVAX Technologies Ltd.
UMIYA_MRO,Umiya Buildcon Limited
RAPPID,Rappid Valves (India) Limited
IPHL,Indian Phosphate Ltd.
SHREYANIND,Shreyans Industries Limited
DURLAX,Durlax Top Surface Limited
SUPERHOUSE,Superhouse Limited
SPCENET,Spacenet Enterprises India Ltd.
GOLDKART,Goldkart Jewels Ltd
NEOCHEM,Neochem Bio Solutions Ltd.
AVIENCE,Avience Biomedicals Limited
ESSENTIA,Integra Essentia Limited
SHUBHSHREE,Shubhshree Biofuels Energy Ltd.
IPRINGLTD,IP Rings Limited
TEXMOPIPES,Texmo Pipes & Products Ltd.
GREENCHEF,Greenchef Appliances Limited
NATCAPSUQ,Natural Capsules Limited
BROOKS,Brooks Laboratories Limited
ATALREAL,Atal Realtech Limited
SHAHALLOYS,Shah Alloys Limited
BALPHARMA,Bal Pharma Limited
FWSTC,Flywings Simulator Training Centre Limited
TRIGYN,Trigyn Technologies Limited
NIRAJ,Niraj Cement Structurals Limited
MURUDCERA,Murudeshwar Ceramics Limited
AMBAAUTO,Amba Auto Sales and Services Limited
PRITIKA,Pritika Engineering Components Ltd.
EMMBI,Emmbi Industries Limited
PILITA,PIL Italica Lifestyle Limited
AERONEU,Aeroflex Neu Limited
VIPULLTD,Vipul Limited
EEPL,Eppeltone Engineers Limited
RACE,Race Eco Chain Ltd.
WARDINMOBI,Wardwizard Innovations & Mobility Ltd.
KANCHI,Kanchi Karpooram Ltd
ROYALARC,Royal Arc Electrodes Limited
AVANCE,Avance Technologies Limited
MADHAVBAUG,Vaidya Sane Ayurved Laboratories Limited
EXIMROUTES,Exim Routes Limited
SURYALA,Suryalata Spinning Mills Limited
POLYSIL,Polysil Irrigation Systems Ltd.
NRVANDANA,N R Vandana Tex Industries Limited
BAIDFIN,Baid Finserv Limited
AARTECH,Aartech Solonics Ltd.
MODTHREAD,Modern Threads (India) Ltd
CURIS,Curis Lifesciences Limited
CANARYS,Canarys Automations Ltd.
HBESD,HB Estate Developers Limited
PAR,Par Drugs and Chemicals Limited
METROGLOBL,Metroglobal Ltd.
MHLXMIRU,Mahalaxmi Rubtech Ltd
GLOBALPET,Global Pet Industries Limited
SPCL,Shivalic Power Control Limited
POSITRON,Positron Energy Limited
ETML,Emerald Tyre Manufacturers Ltd.
BIKEWO,Bikewo Green Tech Limited
SAWALIYA,Sawaliya Food Products Limited
FILATFASH,Filatex Fashions Limited
MASTER,Master Components Limited
CURRENT,Current Infraprojects Limited
NIKITA,Nikita Greentech Recycling Limited
BYKE,Byke Hospitality Ltd.
INCREDIBLE,Incredible Industries Limited
MSL,Mangalam Seeds Ltd
MAHAPEXLTD,Maha Rashtra Apex Corporation Limited
MOS,MOS Utility Ltd.
AMJLAND,AMJ Land Holdings Ltd.
INDOUS,Indo US Bio-Tech Ltd.
VIRINCHI,Virinchi Ltd.
SADHAV,Sadhav Shipping Ltd.
DUGLOBAL,Dudigital Global Limited.
SRTL,Shree Ram Twistex Limited
BHARATGEAR,Bharat Gears Limited
PRAENG,Prajay Engineers Syndicate Ltd
VASWANI,Vaswani Industries Limited
BARFLEX,Barflex Polyfilms Ltd.
LAL,Lorenzini Apparels Ltd.
DOLLEX,Dollex Agrotech Limited
TEJA,Teja Engineering Industries Limited
SHRITECH,Shri Techtex Limited
DTIL,Dhunseri Tea & Industries Ltd
MCL,M Tek Copper Ltd
IBLFL,IBL Finance Ltd.
PML,Paul Merchants Ltd.
ISFT,Intrasoft Technologies Limited
INFOLLION,Infollion Research Services Limited
RAPIDFLEET,Rapid Fleet Management Services Limited
MKPL,M K Proteins Limited
DENEERS,De Neers Tools Ltd.
ROLLT,Rollatainers Limited
PHANTOMFX,Phantom Digital Effects Ltd.
SPCON,Srinibas Pradhan Constructions Limited
SDREAMS,S D Retail Limited
INDTERRAIN,Indian Terrain Fashions Limited
BEARDSELL,Beardsell Limited
TUNWAL,Tunwal E-Motors Limited
RELIABLE,Reliable Data Services Ltd.
RPPL,Rajshree Polypack Ltd.
ESPRIT,Esprit Stones Ltd.
DGCONTENT,Digicontent Ltd.
AVIANSH,Avi Ansh Textile Limited
INDOWIND,Indowind Energy Limited
BEACON,Beacon Trusteeship Ltd.
RAJPUTANA,Rajputana Biodiesel Limited
CALSOFT,California Software Co. Ltd.
TBI,TBI Corn Limited
BRIGHTBR,Bright Brothers Limited
KAMOPAINTS,Kamdhenu Ventures Ltd.
DCM,DCM Ltd.
SECMARK,SecMark Consultancy Ltd.
FONEBOX,Fonebox Retail Limited
WIPL,Western India Plywoods Ltd.
AVPINFRA,Avp Infracon Ltd.
TARMAT,Tarmat Ltd.
RAJINDLTD,Rajputana Industries Limited
SALONA,Salona Cotspin Limited
LLOYDS,Lloyds Luxuries Ltd.
SHBAJRG,Shri Bajrang Alliance Limited
AERON,Aeron Composite Limited
TIPSFILMS,Tips Films Limited
OWAIS,Owais Metal & Mineral Processing Ltd.
HPIL,Hindprakash Industries Ltd.
PARNAXLAB,Parnax Lab Limited
CROWN,Crown Lifters Ltd.
KRITIKA,Kritika Wires Limited
DCG,DCG Cables & Wires Ltd
ISHANCH,Ishan Dyes and Chemicals Limited
BRNL,Bharat Road Network Ltd.
GATECHDVR,GACM Technologies Limited
GATECH,GACM Technologies Limited
EMMIL,Energy-Mission Machineries (India) Limited
ENFUSE,Enfuse Solutions Ltd.
LAGNAM,Lagnam Spintex Ltd.
GVPTECH,GVP Infotech Ltd
KEYFINSERV,Keynote Financial Services Limited
AIROLAM,Airo Lam Ltd.
PREMCO,Premco Global Limited
SIDDHIKA,Siddhika Coatings Limited
VITAL,Vital Chemtech Ltd.
MUKTAARTS,Mukta Arts Limited
SPECTSTM,Spectrum Talent Management Limited
DEVIT,Dev Information Technology Ltd
ONELIFECAP,Onelife Capital Advisors Limited
VINOD,Vinod Texworld Limited
SADBHAV,Sadbhav Engineering Limited
STEELCITY,Steel City Securities Ltd.
MAGNUM,Magnum Ventures Limited.
BSL,BSL Ltd
BALAXI,Balaxi Pharmaceuticals Limited
BTML,Bodhi Tree Multimedia Ltd.
WINSOL,Winsol Engineers Limited
AARNAV,Aarnav Fashions Ltd.
GENXAI,GenXAI Analytics Limited
SURANI,Surani Steel Tubes Ltd.
ALPA,Alpa Laboratories Limited
SURANASOL,Surana Solar Limited
JOCIL,Jocil Limited
CORALFINAC,Coral India Finance & Housing Ltd.
ROCKINGDCE,RockingDeals Circular Economy Limited
ALUWIND,Aluwind Infra-Tech Ltd
LAMBODHARA,Lambodhara Textiles Ltd.
SHIGAN,Shigan Quantum Technologies Ltd.
HINDCON,Hindcon Chemicals Ltd.
CUBEXTUB,Cubex Tubings Ltd
INDIANCARD,Indian Card Clothing Co. Ltd.
DELPHIFX,Delphi World Money Limited
OSWALSEEDS,ShreeOswal Seeds & Chemicals Ltd.
ENVIRO,Envirotech Systems Limited
PROFX,Pro Fx Tech Ltd.
LKPSEC,LKP Securities Limited
CLSL,Crop Life Science Ltd.
VIJAYPD,Vijaypd Ceutical Limited
GSLSU,Global Surfaces Limited
ROML,Raj Oil Mills Limited
ANIKINDS,Anik Industries Limited
SUPREME,Supreme Holdings & Hospitality (India) Limited
GJL,Grover Jewells Ltd.
SONAL,Sonal Mercantile Ltd
OBCL,OBCL Limited
SHEEL,Sheel Biotech Limited
URAVIDEF,Uravi Defence and Technology Limited
QUESTLAB,Quest Laboratories Ltd.
CFEL,Confidence Futuristic Energetech Ltd.
KREBSBIO,Krebs Biochemicals & Industries Ltd.
WHBRADY,W H Brady and Company Limited
AKSHOPTFBR,Aksh Optifibre Limited
AESTHETIK,Aesthetik Engineers Limited
DHARIWAL,Dhariwalcorp Limited
AAATECH,AAA Technologies Ltd.
HECPROJECT,HEC Infra Projects Ltd.
DIGJAMLMTD,Digjam Ltd.
THACKER,Thacker and Company Limited
ITL,ITL Industries Limited
PRAMARA,Pramara Promotions Ltd.
RUCHINFRA,Ruchi Infrastructure Limited
SAMPANN,Sampann Utpadan India Ltd
CHEMCRUX,Chemcrux Enterprises Ltd.
PARTYCRUS,Party Cruisers Limited
BCPL,BCPL Railway Infrastructure Ltd.
LAHOTIOV,Lahoti Overseas Limited
LATTEYS,Latteys Industries Ltd.
HOLMARC,Holmarc Opto-Mechatronics Ltd.
ASSAMENT,Assam Entrade Ltd.
VISHWARAJ,Vishwaraj Sugar Industries Ltd.
AMDIND,AMD Industries Limited
SAMBHAAV,Sambhaav Media Limited
RSDFIN,RSD Finance Ltd.
VIAZ,Viaz Tyres Ltd.
USK,Udayshivakumar Infra Ltd.
MEGAFLEX,Mega Flex Plastics Limited
DEEP,Deep Polymers Ltd.
SCML,Sharp Chucks & Machines Ltd.
FORGEAUTO,Forge Auto International Ltd.
TOTAL,Total Transport Systems Ltd.
KOHINOOR,Kohinoor Foods Limited.
INDBANK,Indbank Merchant Banking Services Limited
AMEYA,Ameya Precision Engineers Ltd.
GANGESSECU,Ganges Securities Ltd.
MAKERSL,Makers Laboratories Ltd
JAYESH,Jayesh Logistics Limited
GTL,GTL Limited
SHYAMDHANI,Shyam Dhani Industries Limited
BNALTD,B & A Limited
VLEGOV,VL E-Governance & IT Solutions Ltd.
JEYYAM,Jeyyam Global Foods Limited
WEIZMANIND,Weizmann Limited
SURYALAXMI,Suryalakshmi Cotton Mills Ltd.
XELPMOC,Xelpmoc Design And Tech Ltd
RTL,Rama Telecom Limited
HAPPY,Happy Steels Ltd.
SHYAMCENT,Shyam Century Ferrous Ltd.
SOMICONVEY,Somi Conveyor Beltings Limited
KEN,KEN Enterprises Ltd.
CRSL,Cressanda Railway Solutions Ltd
RAJSREESUG,Rajshree Sugars & Chemicals Limited
MAL,Mangalam Alloys Ltd.
SMARTEN,Smarten Power Systems Limited
NAGAFERT,Nagarjuna Fertilizers & Chemicals Ltd.
MITCON,MITCON Consultancy & Engineering Services Ltd.
SUPTANERY,Super Tannery Ltd.
MDL,Marvel Decor Ltd.
REPL,Rudrabhishek Enterprises Ltd.
AVROIND,AVRO India Ltd.
VGCL,Vibrant Global Capital Ltd
ZENITHEXPO,Zenith Exports Limited
DBSTOCKBRO,DB (International) Stock Brokers Limited
GROBTEA,Grob Tea Co. Ltd.
COMPUSOFT,Compucom Software Limited
VIGOR,Vigor Plast India Limited
PROPSHOP,Propshop Events and Exhibitions Limited
VALUE360,Value 360 Communications Limited
GSMFOILS,GSM Foils Ltd
SRIVASAVI,Srivasavi Adhesive Tapes Limited
THAKDEV,Thakker's Developers Ltd.
URBAN,Urban Enviro Waste Management Limited
PARAGON,Paragon Fine And Speciality Chemical Limited
LOVABLE,Lovable Lingerie Limited
ROXHITECH,ROX Hi-Tech Limited
KKJEWELS,Kabra Jewels Limited
ZEAL,Zeal Global Services Ltd.
PRLIND,Premier Roadlines Ltd.
OPTIFIN,Optimus Finance Ltd
DTL,Diensten Tech Limited
PIONRINV,Pioneer Investcorp Limited
NARMADA,Narmada Agrobase Limited
MOTOGENFIN,Motor & General Finance Ltd.
MOBILISE,Mobilise App Lab Ltd.
GLOBE,GLOBE ENTERPRISES (INDIA) LIMITED
SIL,Standard Industries Limited
SYLVANPLY,Sylvan Plyboard (India) Limited
ALKALI,Alkali Metals Ltd.
EMKAYTOOLS,Emkay Taps & Cutting Tools Ltd.
AMBANIORGO,Ambani Orgochem Ltd
SATTVAENGG,Sattva Engineering Construction Limited
ARTNIRMAN,Art Nirman Ltd
ARABIAN,Arabian Petroleum Limited
NORBTEAEXP,Norben Tea & Exports Ltd.
AMARJOTHI,Amarjothi Spinning Mills Limited
DHARAN,Dharan Infra-EPC Ltd
JETFREIGHT,Jet Freight Logistics Ltd.
LOYALTEX,Loyal Textile Mills Limited
NAVKARURB,Navkar Urbanstructure Limited
MARUSHIKA,Marushika Technology Limited
PURVFLEXI,Purv Flexipack Ltd
BHANDARI,Bhandari Hosiery Exports Ltd
SHILGRAVQ,Shilp Gravures Limited
MINALIND,Minal Industries Limited
PACIFICI,Pacific Industries Ltd.
AAKAAR,Aakaar Medical Technologies Limited
IDEALTECHO,Ideal Technoplast Industries Limited
BAGFILMS,B.A.G. Films & Media Ltd.
INVENTURE,Inventure Growth & Securities Ltd.
KSHITIJPOL,Kshitij Polyline Ltd.
VR,V R Infraspace Ltd.
UTKAL,Utkal Speciality Industries India Limited
KHFM,KHFM Hospitality & Facility Management Services Ltd.
MGSL,Matrix Geo Solutions Ltd.
PATINTLOG,Patel Integrated Logistics Ltd.
MADHURKNIT,Madhur Knit Crafts Limited
LAKSHYA,Lakshya Powertech Limited
SELLOWRAP,Sellowrap Industries Limited
BVCL,Barak Valley Cements Limited
KONSTELEC,Konstelec Engineers Limited
LPDC,Landmark Property Development Co. Ltd.
DIGIKORE,Digikore Studios Limited
SUPREMEENG,Supreme Engineering Ltd.
MAXPOSURE,Maxposure Limited
JYOTIGLOBL,Jyoti Global Plast Limited
AAKASH,Aakash Exploration Services Ltd.
CAPTRUST,Capital Trust Ltd. (India)
USASEEDS,Upsurge Seeds of Agriculture Ltd.
CLASSICEIL,Classic Electrodes India Limited
MUKESHB,Mukesh Babu Financial Services Limited
SHERVANI,Shervani Industrial Syndicate Limited
SELMC,SEL Manufacturing Co. Ltd.
KCK,KCK Industries Limited
CRAVATEX,Cravatex Limited
VAISHALI,Vaishali Pharma Ltd.
SADBHIN,Sadbhav Infrastructure Project Ltd.
SLONE,Slone Infosystems Limited
KCEIL,Kay Cee Energy & Infra Limited
RELCHEMQ,Reliance Chemotex Industries Ltd
MANILAM,Manilam Industries India Limited
TICL,Twamev Construction And Infrastructure Limited
EXCELLENT,Excellent Wires & Packaging Limited
WOL3D,WOL 3D India Limited
GOYALALUM,Goyal Aluminiums Limited
HISARMETAL,Hisar Metal Industries Limited
RAJMET,Rajnandini Metal Ltd.
ADDIND,Addi Industries Limited
MYSORPETRO,Mysore Petro Chemicals Limited
PALASHSECU,Palash Securities Ltd.
SPLIL,SPL Industries Limited
BANKA,Banka BioLoo Ltd.
MOKSH,Moksh Ornaments Ltd.
BLBLIMITED,BLB Limited
KAYTEX,Kaytex Fabrics Limited
SEMAC,Semac Construction Limited
KAKATCEM,Kakatiya Cement Sugar & Industries Ltd.
HILTON,Hilton Metal Forging Limited
RHFL,Reliance Home Finance Ltd.
VISDEM,Visdem Technosys Limited
ABAN,Aban Offshore Limited
DELAPLEX,DelaPlex Limited
SEL,Sungarner Energies Limited
TERAI,Terai Tea Co. Ltd.
REGENCERAM,Regency Ceramics Ltd
VASUPRADA,Shri Vasuprada Plantations Limited.
CTE,Cambridge Technology Enterprises Limited
CINEVISTA,Cinevista Ltd.
SMLT,Sarthak Metals Ltd
DRONE,Drone Destination Ltd.
CHETANA,Chetana Education Limited
ANMOL,Anmol India Ltd.
ASHALOG,Ashapura Logistics Limited
PARSVNATH,Parsvnath Developers Limited
SHEKHAWATI,Shekhawati Industries Limited
LANDSMILL,Landsmill Green Ltd
RTSPOWR,RTS Power Corporation Ltd
PRAXIS,Praxis Home Retail Ltd.
SWARNSAR,Swarnsarita Jewels India Limited
ORIENTLTD,Orient Press Limited
RICHA,Richa Info Systems Ltd.
MAYASHEEL,Mayasheel Ventures Limited
KSR,KSR Footwear Ltd
RSSOFTWARE,R. S. Software (India) Limited
FIBERWEB,Fiberweb (India) Limited
TRANSCOR,Transcorp International Limited
PREMIUM,Premium Plast Limited
IEML,Indian Emulsifiers Ltd.
DUCON,Ducon Infratechnologies Ltd.
VILINBIO,Vilin Bio Med Ltd.
ICDSLTD,ICDS Ltd.
READYMIX,Readymix Construction Machinery Ltd.
SERVICE,Service Care Limited
ZENITHSTL,Zenith Steel Pipes & Industries Limited
SHRIKRISH,Shri Krishna Devcon Limited
SHREEOSFM,Shree OSFM E-Mobility Limited
SUNLOC,Sunil Healthcare Ltd.
INTEGRITY,Integrity Infrabuild Developers Limited
NIBL,NRB Industrial Bearings Ltd.
BANARBEADS,Banaras Beads Limited
SUNTECH,Suntech Infra Solutions Limited
TSC,TSC India Limited
NOIDATOLL,Noida Toll Bridge Co. Ltd.
JHS,JHS Svendgaard Laboratories Limited
WOMANCART,Womancart Limited
PENTAGON,Pentagon Rubber Limited
MAITREYA,Maitreya Medicare Limited
CGVAK,CG-VAK Software & Exports Ltd.
JAKHARIA,Jakharia Fabric Ltd.
PARASPETRO,Paras Petrofils Limited
REFRACTORY,Refractory Shapes Ltd.
GFSTEELS,Grand Foundry Ltd.
ZENITHDRUG,Zenith Drugs Ltd.
TOKYOPLAST,Tokyo Plast International Ltd
CURAA,Cura Technologies Limited
KHAITANLTD,Khaitan India Ltd.
SAMAY,Samay Project Services Limited
PIONEEREMB,Pioneer Embroideries Limited
ADDICTIVE,Addictive Learning Technology Ltd.
MYMUDRA,My Mudra Fincorp Ltd.
ACCURACY,Accuracy Shipping Ltd.
HDIL,Housing Development & Infrastructure Ltd.
LRRPL,Lead Reclaim & Rubber Products Ltd.
FASCINATE,Fascinate Textiles Limited
UMAEXPORTS,Uma Exports Ltd.
SIGNORIA,Signoria Creation Limited
ENERGYDEV,Energy Development Co. Ltd.
SANGANI,Sangani Hospital Ltd.
TOUCHWOOD,Touchwood Entertainment Ltd.
KLL,Kaushalya Logistics Ltd.
SHKSIL,Shri Hare-Krishna Sponge Iron Limited
BEWLTD,BEW Engineering Ltd.
ATAM,Atam Valves Ltd.
BRACEPORT,Brace Port Logistics Limited
VINEETLAB,Vineet Laboratories Ltd.
RCDL,Rajgor Castor Derivatives Limited
DHANSA,Dhansa Labs Limited
ONYX,Onyx Biotec Ltd.
DIGIDRIVE,Digidrive Distributors Limited
RNPL,Renol Polychem Limited
NGIL,Nakoda Group of Industries Ltd.
HBPOR,HB Portfolio Limited
ALCODIS,Alcokraft Distilleries Limited
AKI,Aki India Limited
KANDARP,Kandarp Digi Smart BPO Limited
SIDDHICOTS,Siddhi Cotspin Limited
ODIGMA,Odigma Consultancy Solutions Limited
ITTL,Innovative Tyres & Tubes Ltd.
PRAKASHSTL,Prakash Steelage Limited
TFL,Transwarranty Finance Limited
DAMODARIND,Damodar Industries Limited
BONLON,Bonlon Industries Ltd
IL&FSTRANS,IL&FS Transportation Networks Limited
UWCSL,Ultra Wiring Connectivity System Ltd.
AISL,ANI Integrated Services Ltd.
OMFURN,Omfurn India Ltd.
PARAMATRIX,Paramatrix Technologies Ltd.
ARVINDPORT,Arvind Port & Infra Ltd.
GENSOL,Gensol Engineering Limited
NEWJAISA,Newjaisa Technologies Limited
ODYCORP,Odyssey Corporation Limited
TRUST,Trust Fintech Limited
LADDERUP,Ladderup Finance Limited
ADROITINFO,Adroit Infotech Limited
MILTON,Milton Industries Ltd.
HRYNSHP,Hariyana Ship Breakers Ltd.
SGLRES,SGL Resources Ltd
DELTAMAGNT,Delta Manufacturing Limited
NAGREEKEXP,Nagreeka Exports Ltd
PSFL,Paramount Speciality Forgings Limited
RILINFRA,Rachana Infrastructure Limited
VDEAL,Vdeal System Ltd.
BULKCORP,Bulkcorp International Limited
DIVYADHAN,Divyadhan Recycling Industries Ltd.
PANACHE,Panache Digilife Ltd.
PALREDTEC,Palred Technologies Limited
HINDALUMI,Hind Aluminium Industries Limited
TPHQ,Teamo Productions HQ Limited
HGM,HandsOn Global Management (HGM) Ltd
AGRITECH,Agri-Tech (India) Ltd.
CRAYONS,Crayons Advertising Ltd.
DCCL,Dar Credit & Capital Limited
ATLASCYCLE,Atlas Cycles Haryana Ltd.
LCCINFOTEC,LCC Infotech Ltd.
MANUGRAPH,Manugraph India Limited
AUSL,Aditya Ultra Steel Limited
SECURKLOUD,SecureKloud Technologies Limited
VEEKAYEM,Veekayem Fashion And Apparels Limited
ANSALAPI,Ansal Properties & Infrastructure Ltd.
ANSALBU,Ansal Buildwell Limited
SUNDARAM,Sundaram Multi Pap Limited
MALUPAPER,Malu Paper Mills Limited
MANAV,Manav Infra Projects Ltd.
MHHL,Mohini Health & Hygiene Ltd.
SAJHOTELS,Saj Hotels Limited
3PLAND,3P Land Holdings Limited
K2INFRA,K2 Infragen Limited
ABH,ABH Healthcare Limited
AJOONI,Ajooni Biotech Limited
PRESSTONIC,Presstonic Engineering Limited
DKEGL,D.K. Enterprises Global Limited
LAMOSAIC,Lamosaic India Ltd.
FMNL,Future Market Networks Limited
VEDAVAAG,Vedavaag Systems Limited
GANGAFORGE,Ganga Forging Limited
RULKA,Rulka Electricals Ltd
SONUINFRA,Sonu Infratech Ltd.
BIOFILCHEM,Biofil Chemicals & Pharmaceuticals Ltd.
DECCANTRAN,Deccan Transcon Leasing Limited
NAMAN,Naman Industries Proxima Limited
BALKRISHNA,Balkrishna Paper Mills Ltd.
MANGALAM,Mangalam Drugs & Organics Ltd.
MARCO,Marco Cables & Conductors Ltd.
BIOPOL,Biopol Chemicals Ltd.
SHIVAMILLS,Shiva Mills Ltd.
SFML,Supreme Facility Management Limited
VISAMAN,Visaman Global Sales Limited
MMEL,Moving Media Entertainment Limited
GANGABATH,Ganga Bath Fittings Limited
TROM,Trom Industries Limited
MOHITE,Mohite Industries Ltd.
DELTIC,Delta Autocorp Limited
HYBRIDFIN,Hybrid Financial Services Ltd.
COUNCODOS,Country Condo's Limited
TRU,TruCap Finance Limited
IMPEXFERRO,Impex Ferro Tech Ltd
ORCHASP,Orchasp Ltd
SATECH,S A Tech Software India Ltd.
AGROPHOS,Agro Phos India Ltd.
AHLADA,Ahlada Engineers Limited
STUDIOLSD,Studio LSD Limited
JAIPURKURT,Nandani Creation Ltd.
KARMAENG,Karma Energy Limited
PULZ,Pulz Electronics Ltd.
TOYAMSL,Toyam Sports Limited
PHOENXINTL,Phoenix International Limited
AUSTENG,Austin Engineering Co. Ltd.
SUVIDHAA,Suvidhaa Infoserve Limited
CHAMUNDA,Chamunda Electrical Limited
VIVIMEDLAB,Vivimed Labs Limited
PRANIK,Pranik Logistics Limited
WHITEFORCE,Happy Square Outsourcing Services Limited
GAYAHWS,Gayatri Highways Ltd.
ABMINTLLTD,ABM International Ltd.
CADSYS,Cadsys (India) Ltd.
GRAPHISAD,Graphisads Limited
RAJTV,Raj Television Network Limited
SILKY,Silky Overseas Ltd.
PRUDMOULI,Prudential Sugar Corp. Ltd.
BANG,Bang Overseas Limited
SNEHAA,Snehaa Organics Ltd.
SAMBANDAM,Sambandam Spinning Mills Limited
DHATRE,Dhatre Udyog Ltd
ABHAPOWER,Abha Power & Steel Ltd.
BAWEJA,Baweja Studios Limited
SONAMAC,Sona Machinery Ltd.
MASKINVEST,Mask Investments Ltd
RKEC,RKEC Projects Ltd.
PRITI,Priti International Ltd.
ITALIANE,Italian Edibles Limited
RKDL,Ravikumar Distilleries Ltd.
SIEL,Superior Industrial Enterprises Limited
VINNY,Vinny Overseas Ltd.
WEWIN,We Win Ltd.
EFORCE,Electro Force (India) Limited
AATMAJ,Aatmaj Healthcare Limited
CELEBRITY,Celebrity Fashions Limited
AUROIMPEX,Auro Impex & Chemicals Ltd.
ATCENERGY,Atc Energies System Limited
CYBERMEDIA,Cyber Media (India) Limited
AMBICAAGAR,Ambica Agarbathies & Aroma Industries Ltd.
SITINET,Siti Networks Limited
LEENEE,Lee & Nee Softwares (Exports) Ltd
SVPGLOB,SVP Global Textiles Limited
REXPRO,Rexpro Enterprises Ltd.
ARCHIES,Archies Limited
TNTELE,Tamilnadu Telecommunications Ltd.
GOLDENTOBC,Golden Tobacco Limited
SHIVAAGRO,Shiva Global Agro Industries Limited
BMETRICS,Bombay Metrics Supply Chain Ltd.
AKASH,Akash Infra-Projects Ltd.
PBMPOLY,PBM Polytex Ltd.
SIMPLXREA,Simplex Realty Limited
21STCENMGM,Twentyfirst Century Management Services Limited
BLUECOAST,Blue Coast Hotels Limited
VLINFRA,V.L.Infraprojects Limited
SAGARDEEP,Sagardeep Alloys Ltd.
DHRUV,Dhruv Consultancy Services Ltd.
OSIAHYPER,Osia Hyper Retail Limited
VISHWAS,Vishwas Agri Seeds Limited
LFIC,Lakshmi Finance & Industrial Corp. Ltd.
SWASTIK,Swastik Pipe Ltd.
DHANLAXMI,Dhanlaxmi Crop Science Ltd.
ADL,Archidply Decor Ltd
NMSTEEL,Newmalayalam Steel Limited
SOCL,Sundrex Oil Company Limited
SUPERSPIN,Super Spinning Mills Limited
SYNOPTICS,Synoptics Technologies Limited
UNILEX,Unilex Colours & Chemicals Limited
VERTEXPLUS,Vertexplus Technologies Ltd.
ORIENTALTL,Oriental Trimex Limited
HBSL,HB Stockholdings Ltd.
VIVOBIOT,Vivo Bio Tech Ltd.
BABAFP,Baba Food Processing (India) Limited
NKIND,N.K. Industries Ltd.
ASHOKAMET,Ashoka Metcast Limited
NAGREEKCAP,Nagreeka Capital & Infrastructure Limited
SANWARIA,Sanwaria Consumer Ltd
DEEM,Deem Roll-Tech Ltd.
ARCIIL,ARC Insulation & Insulators Limited
HOMESFY,Homesfy Realty Ltd.
VMOBILE,Vinit Mobile Ltd.
SEYAIND,Seya Industries Ltd.
SHRIKANHA,Shri Kanha Stainless Limited
AROGRANITE,ARO Granite Industries Limited
GKB,Gkb Ophthalmics Limited
MORARJEE,Morarjee Textiles Limited
VICTORYEV,Victory Electric Vehicles International Limited
LIBAS,Libas Consumer Products Ltd.
CEREBRAINT,Cerebra Integrated Technologies Limited
HRHNEXT,HRH Next Services Limited
MOHITIND,Mohit Industries Limited
KONTOR,Kontor Space Ltd.
CLCIND,CLC Industries Limited
PROLIFE,Prolife Industries Ltd.
MEDIORG,Medicamen Organics Ltd.
BLUEPEBBLE,Blue Pebble Limited
AKSHAR,Akshar Spintex Ltd.
AKG,AKG Exim Ltd.
MEDICAPQ,Medi-Caps Ltd.
MADHAV,Madhav Marbles & Granites Ltd.
VSCL,Vadivarhe Speciality Chemicals Ltd.
EASTSILK,Eastern Silk Industries Limited
SIMBHALS,Simbhaoli Sugars Ltd
MADHUCON,Madhucon Projects Limited
MEDISTEP,Medistep Healthcare Limited
VIVO,Vivo Collaboration Solutions Limited
KEEPLEARN,DSJ Keep Learning Limited
POLYSPIN,Polyspin Exports Limited
LASA,Lasa Supergenerics Ltd.
FELDVR,Future Enterprises Ltd. Class B
FEL,Future Enterprises Ltd
AGNI,Agni Green Power Ltd.
KAUSHALYA,Kaushalya Infrastructure Development Corporation Ltd
VCL,Vaxtex Cotfab Ltd
BURNPUR,Burnpur Cement Limited
EASTWEST,East West Freight Carriers Ltd
PHOGLOBAL,Phoenix Overseas Limited
MCON,MCON Rasayan India Ltd.
KANANIIND,Kanani Industries Limited
NFPSAMPOOR,NFP Sampoorna Foods Limited
DNAMEDIA,Diligent Media Corp. Ltd.
GSS,GSS Infotech Limited
PEARLPOLY,Pearl Polymers Limited
ARMOUR,Armour Security (India) Ltd.
PARAMOUNT,Paramount Dye Tec Limited
CELLPOINT,Cell Point (India) Limited
GML,Galaxy Medicare Limited
LEXUS,Lexus Granito (India) Ltd.
INFOMEDIA,Infomedia Press Ltd.
QFIL,Quality Foils (India) Limited
TGBHOTELS,TGB Banquets & Hotels Ltd.
SGL,STL Global Limited
WILLAMAGOR,Williamson Magor & Co.Ltd.
BOSS,Boss Packaging Solutions Limited
KANCOTEA,Kanco Tea & Industries Ltd.
KHANDSE,Khandwala Securities Limited
NEXTMEDIA,Next Mediaworks Limited
MICROPRO,Micropro Software Solutions Limited
VIRTUALG,Virtual Global Education Ltd.
SKYTECH,Skytech Infinite Platform Ltd.
AGSTRA,AGS Transact Technologies Ltd.
ANKITMETAL,Ankit Metal & Power Limited
AGUL,A G Universal Limited
KALANA,Kalana Ispat Ltd.
TREEHOUSE,Tree House Education & Accessories Limited
ARUNAYA,Arunaya Organics Limited
KAMANWALA,Kamanwala Housing & Construction Ltd.
IDENTICAL,Identical Brains Studios Limited
PRISMX,Prismx Global Ventures Ltd.
TARAPUR,Tarapur Transformers Limited
PNC,PNC Media and Entertainment Ltd
YUDIZ,Yudiz Solutions Limited
GTECJAINX,G-Tech Jainx Education Ltd.
QVCEL,QVC Exports Limited
QUICKTOUCH,Quicktouch Technologies Limited
ASIANTNE,Asian Tea & Exports Ltd.
FLFL,Future Lifestyle Fashions Ltd.
LAXMICOT,Laxmi Cotspin Ltd.
CRESTO,Cresto Techno Limited
MPDL,MPDL Ltd
MIEL,Manglam Infra & Engineering Ltd.
GUJRAFFIA,Gujarat Raffia Industries Limited
NIRMAN,Nirman Agri Genetics Ltd.
MFML,Mahalaxmi Fabric Mills Limited
HAVISHA,Sri Havisha Hospitality And Infrastructure Ltd
TIJARIA,Tijaria Polypipes Limited
MANDEEP,Mandeep Auto Industries Limited
SKIL,SKIL Infrastructure Limited
STLSTRINF,Steel Strips Infrastructures Ltd.
CMRSL,Cyber Media Research & Services Ltd.
TCIFINANCE,TCI Finance Limited
ASPIRE,Aspire & Innovative Advertising Limited
SPRL,SP Refractories Ltd.
SHUBHLAXMI,Shubhlaxmi Jewel Art Ltd.
MPTODAY,Madhya Pradesh Today Media Ltd.
GSTL,Globesecure Technologies Ltd.
TAPIFRUIT,Tapi Fruit Processing Ltd.
AGARWALFT,Agarwal Float Glass India Limited
SPPPOLY,SPP Polymer Ltd.
ARSHIYA,Arshiya Limited
RADIOWALLA,Radiowalla Network Limited
NIDAN,Nidan Laboratories and Healthcare Limited
ACEINTEG,Ace Integrated Solutions Ltd.
BOHRAIND,Bohra Industries Ltd.
TGL,Teerth Gopicon Ltd.
SHRENIK,Shrenik Limited
MARINETRAN,Marinetrans India Ltd.
MPEL,Manas Polymers & Energies Ltd.
TECILCHEM,TECIL Chemicals & Hydro Power Ltd
KRIDHANINF,Kridhan Infra Limited
SATIPOLY,Sati Poly Plast Ltd.
TRIDHYA,Tridhya Tech Limited
NIRAJISPAT,Niraj Ispat Industries Ltd
THESL,Thinking Hats Entertainment Solutions Limited
YCCL,Yasons Chemex Care Limited
SAROJA,Saroja Pharma Industries India Ltd.
SUNREST,Sunrest Lifescience Limited
HEADSUP,Heads UP Ventures Limited
RADAAN,Radaan Mediaworks (I) Ltd.
SMVD,SMVD Poly Pack Limited
CEDAAR,Cedaar Textile Ltd.
VIVIDHA,Visagar Polytex Limited
NEELAM,Neelam Linens and Garments (India) Limited
GAJANAND,Gajanand International Ltd.
RETAIL,JHS Svendgaard Retail Ventures Pvt Ltd
MONOPHARMA,Mono Pharmacare Limited
PRECISION,Precision Metaliks Ltd.
AURUS,Aurus Gem Corporation Limited
GLFL,Gujarat Lease Financing Limited
ASTRON,Astron Paper & Board Mill Ltd.
CONTI,Continental Seeds & Chemicals Ltd.
BILVYAPAR,Bil Vyapar Ltd
UNIVAFOODS,Univa Foods Limited
SHYAMTEL,Shyam Telecom Limited
ORTINGLOBE,Ortin Global Ltd
MTEDUCARE,MT Educare Ltd
AMIABLE,Amiable Logsitics (India) Ltd.
INSPIRE,Inspire Films Ltd.
UNIINFO,Uniinfo Telecom Services Ltd.
MEP,MEP Infrastructure Developers Ltd.
BLUECHIP,Blue Chip India Ltd
UMESLTD,Usha Martin Education & Solutions Limited
GLOBALE,Globale Tessile Ltd
ANTGRAPHIC,Antarctica Ltd
GRADIENTE,Gradiente Infotainment Ltd.
DCMFINSERV,DCM Financial Services Limited
CREATIVEYE,Creative Eye Limited
PLADAINFO,Plada Infotech Services Limited
SHANTHALA,Shanthala FMCG Products Ltd.
EDUCOMP,Educomp Solutions Limited
TVVISION,TV Vision Ltd.
MAKS,Maks Energy Solutions India Limited
JIWANRAM,Jiwanram Sheoduttrai Industries Ltd.
CBAZAAR,Net Avenue Technologies Ltd.
EUROTEXIND,Eurotex Industries & Exports Ltd.
ARENTERP,Rajdarshan Industries Limited
COMPINFO,Compuage Infocom Ltd
BALCO,Solve Plastic Products Limited
DHTL,Docmode Health Technologies Limited
DSKULKARNI,DS Kulkarni Developers Ltd
INDIFRA,Indifra Ltd.
PPSL,Picturepost Studios Limited
FLEXITUFF,Flexituff Ventures International Limited
RITEZONE,Rite Zone Chemcon India Ltd.
PREMIER,Premier Limited
SETUINFRA,Setubandhan Infrastructure Ltd
ORTEL,Ortel Communications Limited
VERITAAS,Veritaas Advertising Ltd.
WINNY,Winny Immigration & Education Services Ltd.
FALCONTECH,Falcon Technoprojects India Ltd.
SHANTI,Shanti Overseas (India) Ltd.
LAKPRE,Lakshmi Precision Screws Limited
BGLOBAL,Bharatiya Global Infomedia Limited
CMICABLES,CMI Limited
QUINTEGRA,Quintegra Solutions Limited
MITTAL,Mittal Life Style Ltd.
RAJVIR,Rajvir Industries Limited
PERFECT,Perfect Infraengineers Ltd.
JALAN,Jalan Transolutions (India) Limited
VASA,Vasa Retail & Overseas Ltd.
ISHAN,Ishan International Limited
NDRINVIT,Ndr Invit Trust
SAICAPI,Sai Capital Ltd.
NEPHROCARE,Nephro Care India Limited
SHAIVAL,Shaival Reality Ltd.
KJMCFIN,KJMC Financial Services Limited
APSISAERO,Apsis Aerocom Limited
RIIT,Raajmarg Infra Investment Trust
STRIDERS,Striders Impex Limited
JFLLIFE,JFL Life Sciences Limited
GKWLIMITED,GKW Ltd.
RFBL,RFBL Flexi Pack Limited
WALPAR,Walpar Nutritions Ltd.
ENSER,Enser Communications Limited
KKVAPOW,KKV Agro Powers Ltd.
ARHAM,Arham Technologies Limited
SARTELE,SAR Televenture Limited
GREENLEAF,Greenleaf Envirotech Limited
SRIKPRIND,Sri KPR Industries Ltd.
SUMEDHA,Sumedha Fiscal Services Ltd
GURUNANAK,Gurunanak Agriculture India Limited
ARISTO,Aristo Bio Tech and Lifescience Limited
APOORVA,Apoorva Leasing Finance & Investment Co. Ltd.
BMLL,Bio Medica Laboratories Limited
KDL,Kore Digital Limited
ACETEC,Acetech E-Commerce Ltd.
INVICTA,Invicta Diagnostic limited
UMA,Uma Converter Limited
ADVIKCA,Advik Capital Ltd
AILIMITED,Abhishek Integrations Ltd.
ETL,Emkay Tools Limited
TIMESCAN,Timescan Logistics (India) Limited
BIRDYS,Grill Splendour Services Ltd.
SAIFL,Sameera Agro and Infra Limited
QUADPRO,Quadpro ITeS Ltd.
AGL,Allcargo Global Limited
MOXSH,Moxsh Overseas Educon Limited
